Production build (windows-latest)	Set up job	﻿2026-10-04T06:00:08.8141968Z Current runner version: '2.337.0'
Production build (windows-latest)	Set up job	2026-10-04T06:00:08.8199612Z ##[group]Runner Image Provisioner
Production build (windows-latest)	Set up job	2026-10-04T06:00:08.8200453Z Hosted Compute Agent
Production build (windows-latest)	Set up job	2026-10-04T06:00:08.8201069Z Version: 20260901.588
Production build (windows-latest)	Set up job	2026-10-04T06:00:08.8201664Z Commit: f88ec8081b781fac6c440065ac7ff9e710ce3d0b
Production build (windows-latest)	Set up job	2026-10-04T06:00:08.8202365Z Build Date: 2026-09-01T19:56:44Z
Production build (windows-latest)	Set up job	2026-10-04T06:00:08.8203010Z Worker ID: {390ebd57-0658-48dd-8f7b-f47662b32a14}
Production build (windows-latest)	Set up job	2026-10-04T06:00:08.8203774Z Azure Region: northcentralus
Production build (windows-latest)	Set up job	2026-10-04T06:00:08.8204352Z ##[endgroup]
Production build (windows-latest)	Set up job	2026-10-04T06:00:08.8205692Z ##[group]Operating System
Production build (windows-latest)	Set up job	2026-10-04T06:00:08.8206366Z Microsoft Windows Server 2025
Production build (windows-latest)	Set up job	2026-10-04T06:00:08.8206955Z 10.0.26100
Production build (windows-latest)	Set up job	2026-10-04T06:00:08.8207472Z Datacenter
Production build (windows-latest)	Set up job	2026-10-04T06:00:08.8207979Z ##[endgroup]
Production build (windows-latest)	Set up job	2026-10-04T06:00:08.8208488Z ##[group]Runner Image
Production build (windows-latest)	Set up job	2026-10-04T06:00:08.8209076Z Image: windows-2025-vs2026
Production build (windows-latest)	Set up job	2026-10-04T06:00:08.8209638Z Version: 20260925.250.1
Production build (windows-latest)	Set up job	2026-10-04T06:00:08.8210733Z Included Software: https://github.com/actions/runner-images/blob/win25-vs2026/20260925.250/images/windows/Windows2025-VS2026-Readme.md
Production build (windows-latest)	Set up job	2026-10-04T06:00:08.8213367Z Image Release: https://github.com/actions/runner-images/releases/tag/win25-vs2026%2F20260925.250
Production build (windows-latest)	Set up job	2026-10-04T06:00:08.8214439Z ##[endgroup]
Production build (windows-latest)	Set up job	2026-10-04T06:00:08.8215511Z ##[group]GITHUB_TOKEN Permissions
Production build (windows-latest)	Set up job	2026-10-04T06:00:08.8217508Z Contents: read
Production build (windows-latest)	Set up job	2026-10-04T06:00:08.8218135Z Metadata: read
Production build (windows-latest)	Set up job	2026-10-04T06:00:08.8218716Z ##[endgroup]
Production build (windows-latest)	Set up job	2026-10-04T06:00:08.8220692Z Secret source: Actions
Production build (windows-latest)	Set up job	2026-10-04T06:00:08.8221620Z Cache mode: write
Production build (windows-latest)	Set up job	2026-10-04T06:00:08.8222350Z Prepare workflow directory
Production build (windows-latest)	Set up job	2026-10-04T06:00:08.8616421Z Prepare all required actions
Production build (windows-latest)	Set up job	2026-10-04T06:00:08.8666853Z Getting action download info
Production build (windows-latest)	Set up job	2026-10-04T06:00:09.0668298Z Download action repository 'actions/checkout@11d5960a326750d5838078e36cf38b85af677262' (SHA:11d5960a326750d5838078e36cf38b85af677262)
Production build (windows-latest)	Set up job	2026-10-04T06:00:09.2081732Z Download action repository 'actions/setup-node@49933ea5288caeca8642d1e84afbd3f7d6820020' (SHA:49933ea5288caeca8642d1e84afbd3f7d6820020)
Production build (windows-latest)	Set up job	2026-10-04T06:00:09.3937800Z Download action repository 'actions/upload-artifact@ea165f8d65b6e75b540449e92b4886f43607fa02' (SHA:ea165f8d65b6e75b540449e92b4886f43607fa02)
Production build (windows-latest)	Set up job	2026-10-04T06:00:09.7914705Z Complete job name: Production build (windows-latest)
Production build (windows-latest)	Run actions/checkout@11d5960a326750d5838078e36cf38b85af677262	﻿2026-10-04T06:00:10.0184740Z ##[group]Run actions/checkout@11d5960a326750d5838078e36cf38b85af677262
Production build (windows-latest)	Run actions/checkout@11d5960a326750d5838078e36cf38b85af677262	2026-10-04T06:00:10.0186798Z with:
Production build (windows-latest)	Run actions/checkout@11d5960a326750d5838078e36cf38b85af677262	2026-10-04T06:00:10.0187473Z   persist-credentials: false
Production build (windows-latest)	Run actions/checkout@11d5960a326750d5838078e36cf38b85af677262	2026-10-04T06:00:10.0188342Z   repository: mario-andreschak/FLUJO
Production build (windows-latest)	Run actions/checkout@11d5960a326750d5838078e36cf38b85af677262	2026-10-04T06:00:10.0197565Z   token: ***
Production build (windows-latest)	Run actions/checkout@11d5960a326750d5838078e36cf38b85af677262	2026-10-04T06:00:10.0198582Z   ssh-strict: true
Production build (windows-latest)	Run actions/checkout@11d5960a326750d5838078e36cf38b85af677262	2026-10-04T06:00:10.0199188Z   ssh-user: git
Production build (windows-latest)	Run actions/checkout@11d5960a326750d5838078e36cf38b85af677262	2026-10-04T06:00:10.0199750Z   clean: true
Production build (windows-latest)	Run actions/checkout@11d5960a326750d5838078e36cf38b85af677262	2026-10-04T06:00:10.0200360Z   sparse-checkout-cone-mode: true
Production build (windows-latest)	Run actions/checkout@11d5960a326750d5838078e36cf38b85af677262	2026-10-04T06:00:10.0201128Z   fetch-depth: 1
Production build (windows-latest)	Run actions/checkout@11d5960a326750d5838078e36cf38b85af677262	2026-10-04T06:00:10.0201610Z   fetch-tags: false
Production build (windows-latest)	Run actions/checkout@11d5960a326750d5838078e36cf38b85af677262	2026-10-04T06:00:10.0202098Z   show-progress: true
Production build (windows-latest)	Run actions/checkout@11d5960a326750d5838078e36cf38b85af677262	2026-10-04T06:00:10.0202613Z   lfs: false
Production build (windows-latest)	Run actions/checkout@11d5960a326750d5838078e36cf38b85af677262	2026-10-04T06:00:10.0203051Z   submodules: false
Production build (windows-latest)	Run actions/checkout@11d5960a326750d5838078e36cf38b85af677262	2026-10-04T06:00:10.0203608Z   set-safe-directory: true
Production build (windows-latest)	Run actions/checkout@11d5960a326750d5838078e36cf38b85af677262	2026-10-04T06:00:10.0204201Z   allow-unsafe-pr-checkout: false
Production build (windows-latest)	Run actions/checkout@11d5960a326750d5838078e36cf38b85af677262	2026-10-04T06:00:10.0205107Z ##[endgroup]
Production build (windows-latest)	Run actions/checkout@11d5960a326750d5838078e36cf38b85af677262	2026-10-04T06:00:10.1652502Z Syncing repository: mario-andreschak/FLUJO
Production build (windows-latest)	Run actions/checkout@11d5960a326750d5838078e36cf38b85af677262	2026-10-04T06:00:10.1654707Z ##[group]Getting Git version info
Production build (windows-latest)	Run actions/checkout@11d5960a326750d5838078e36cf38b85af677262	2026-10-04T06:00:10.1655562Z Working directory is 'D:\a\FLUJO\FLUJO'
Production build (windows-latest)	Run actions/checkout@11d5960a326750d5838078e36cf38b85af677262	2026-10-04T06:00:10.2660046Z [command]"C:\Program Files\Git\bin\git.exe" version
Production build (windows-latest)	Run actions/checkout@11d5960a326750d5838078e36cf38b85af677262	2026-10-04T06:00:10.6914359Z git version 2.55.0.windows.5
Production build (windows-latest)	Run actions/checkout@11d5960a326750d5838078e36cf38b85af677262	2026-10-04T06:00:10.6962685Z ##[endgroup]
Production build (windows-latest)	Run actions/checkout@11d5960a326750d5838078e36cf38b85af677262	2026-10-04T06:00:10.6982374Z Temporarily overriding HOME='D:\a\_temp\2e90da23-7d2d-4714-a3e4-e7a90709b168' before making global git config changes
Production build (windows-latest)	Run actions/checkout@11d5960a326750d5838078e36cf38b85af677262	2026-10-04T06:00:10.6984280Z Adding repository directory to the temporary git global config as a safe directory
Production build (windows-latest)	Run actions/checkout@11d5960a326750d5838078e36cf38b85af677262	2026-10-04T06:00:10.6992833Z [command]"C:\Program Files\Git\bin\git.exe" config --global --add safe.directory D:\a\FLUJO\FLUJO
Production build (windows-latest)	Run actions/checkout@11d5960a326750d5838078e36cf38b85af677262	2026-10-04T06:00:10.7684531Z Deleting the contents of 'D:\a\FLUJO\FLUJO'
Production build (windows-latest)	Run actions/checkout@11d5960a326750d5838078e36cf38b85af677262	2026-10-04T06:00:10.7691286Z ##[group]Initializing the repository
Production build (windows-latest)	Run actions/checkout@11d5960a326750d5838078e36cf38b85af677262	2026-10-04T06:00:10.7699511Z [command]"C:\Program Files\Git\bin\git.exe" init D:\a\FLUJO\FLUJO
Production build (windows-latest)	Run actions/checkout@11d5960a326750d5838078e36cf38b85af677262	2026-10-04T06:00:10.8643730Z Initialized empty Git repository in D:/a/FLUJO/FLUJO/.git/
Production build (windows-latest)	Run actions/checkout@11d5960a326750d5838078e36cf38b85af677262	2026-10-04T06:00:10.8701537Z [command]"C:\Program Files\Git\bin\git.exe" remote add origin https://github.com/mario-andreschak/FLUJO
Production build (windows-latest)	Run actions/checkout@11d5960a326750d5838078e36cf38b85af677262	2026-10-04T06:00:10.9398524Z ##[endgroup]
Production build (windows-latest)	Run actions/checkout@11d5960a326750d5838078e36cf38b85af677262	2026-10-04T06:00:10.9401101Z ##[group]Disabling automatic garbage collection
Production build (windows-latest)	Run actions/checkout@11d5960a326750d5838078e36cf38b85af677262	2026-10-04T06:00:10.9409808Z [command]"C:\Program Files\Git\bin\git.exe" config --local gc.auto 0
Production build (windows-latest)	Run actions/checkout@11d5960a326750d5838078e36cf38b85af677262	2026-10-04T06:00:10.9743011Z ##[endgroup]
Production build (windows-latest)	Run actions/checkout@11d5960a326750d5838078e36cf38b85af677262	2026-10-04T06:00:10.9744688Z ##[group]Setting up auth
Production build (windows-latest)	Run actions/checkout@11d5960a326750d5838078e36cf38b85af677262	2026-10-04T06:00:10.9755045Z [command]"C:\Program Files\Git\bin\git.exe" config --local --name-only --get-regexp core\.sshCommand
Production build (windows-latest)	Run actions/checkout@11d5960a326750d5838078e36cf38b85af677262	2026-10-04T06:00:11.0060811Z [command]"C:\Program Files\Git\bin\git.exe" submodule foreach --recursive "sh -c \"git config --local --name-only --get-regexp 'core\.sshCommand' && git config --local --unset-all 'core.sshCommand' || :\""
Production build (windows-latest)	Run actions/checkout@11d5960a326750d5838078e36cf38b85af677262	2026-10-04T06:00:12.6085038Z [command]"C:\Program Files\Git\bin\git.exe" config --local --name-only --get-regexp http\.https\:\/\/github\.com\/\.extraheader
Production build (windows-latest)	Run actions/checkout@11d5960a326750d5838078e36cf38b85af677262	2026-10-04T06:00:12.6378176Z [command]"C:\Program Files\Git\bin\git.exe" submodule foreach --recursive "sh -c \"git config --local --name-only --get-regexp 'http\.https\:\/\/github\.com\/\.extraheader' && git config --local --unset-all 'http.https://github.com/.extraheader' || :\""
Production build (windows-latest)	Run actions/checkout@11d5960a326750d5838078e36cf38b85af677262	2026-10-04T06:00:13.1635249Z [command]"C:\Program Files\Git\bin\git.exe" config --local --name-only --get-regexp ^includeIf\.gitdir:
Production build (windows-latest)	Run actions/checkout@11d5960a326750d5838078e36cf38b85af677262	2026-10-04T06:00:13.1936238Z [command]"C:\Program Files\Git\bin\git.exe" submodule foreach --recursive "git config --local --show-origin --name-only --get-regexp remote.origin.url"
Production build (windows-latest)	Run actions/checkout@11d5960a326750d5838078e36cf38b85af677262	2026-10-04T06:00:13.7286036Z [command]"C:\Program Files\Git\bin\git.exe" config --local http.https://github.com/.extraheader "AUTHORIZATION: basic ***"
Production build (windows-latest)	Run actions/checkout@11d5960a326750d5838078e36cf38b85af677262	2026-10-04T06:00:13.7596256Z ##[endgroup]
Production build (windows-latest)	Run actions/checkout@11d5960a326750d5838078e36cf38b85af677262	2026-10-04T06:00:13.7597133Z ##[group]Fetching the repository
Production build (windows-latest)	Run actions/checkout@11d5960a326750d5838078e36cf38b85af677262	2026-10-04T06:00:13.7610055Z [command]"C:\Program Files\Git\bin\git.exe" -c protocol.version=2 fetch --no-tags --prune --no-recurse-submodules --depth=1 origin +a5d11370e7a52d6ac92c82accb91fbce87784dd6:refs/remotes/pull/726/merge
Production build (windows-latest)	Run actions/checkout@11d5960a326750d5838078e36cf38b85af677262	2026-10-04T06:00:16.2635136Z From https://github.com/mario-andreschak/FLUJO
Production build (windows-latest)	Run actions/checkout@11d5960a326750d5838078e36cf38b85af677262	2026-10-04T06:00:16.2639697Z  * [new ref]         a5d11370e7a52d6ac92c82accb91fbce87784dd6 -> pull/726/merge
Production build (windows-latest)	Run actions/checkout@11d5960a326750d5838078e36cf38b85af677262	2026-10-04T06:00:16.2675966Z ##[endgroup]
Production build (windows-latest)	Run actions/checkout@11d5960a326750d5838078e36cf38b85af677262	2026-10-04T06:00:16.2677099Z ##[group]Determining the checkout info
Production build (windows-latest)	Run actions/checkout@11d5960a326750d5838078e36cf38b85af677262	2026-10-04T06:00:16.2679948Z ##[endgroup]
Production build (windows-latest)	Run actions/checkout@11d5960a326750d5838078e36cf38b85af677262	2026-10-04T06:00:16.2694167Z [command]"C:\Program Files\Git\bin\git.exe" sparse-checkout disable
Production build (windows-latest)	Run actions/checkout@11d5960a326750d5838078e36cf38b85af677262	2026-10-04T06:00:16.3141917Z [command]"C:\Program Files\Git\bin\git.exe" config --local --unset-all extensions.worktreeConfig
Production build (windows-latest)	Run actions/checkout@11d5960a326750d5838078e36cf38b85af677262	2026-10-04T06:00:16.3452859Z ##[group]Checking out the ref
Production build (windows-latest)	Run actions/checkout@11d5960a326750d5838078e36cf38b85af677262	2026-10-04T06:00:16.3465146Z [command]"C:\Program Files\Git\bin\git.exe" checkout --progress --force refs/remotes/pull/726/merge
Production build (windows-latest)	Run actions/checkout@11d5960a326750d5838078e36cf38b85af677262	2026-10-04T06:00:17.4035034Z Updating files:  93% (2594/2762)
Production build (windows-latest)	Run actions/checkout@11d5960a326750d5838078e36cf38b85af677262	2026-10-04T06:00:17.4107664Z Updating files:  94% (2597/2762)
Production build (windows-latest)	Run actions/checkout@11d5960a326750d5838078e36cf38b85af677262	2026-10-04T06:00:17.4183232Z Updating files:  95% (2624/2762)
Production build (windows-latest)	Run actions/checkout@11d5960a326750d5838078e36cf38b85af677262	2026-10-04T06:00:17.4254043Z Updating files:  96% (2652/2762)
Production build (windows-latest)	Run actions/checkout@11d5960a326750d5838078e36cf38b85af677262	2026-10-04T06:00:17.4326038Z Updating files:  97% (2680/2762)
Production build (windows-latest)	Run actions/checkout@11d5960a326750d5838078e36cf38b85af677262	2026-10-04T06:00:17.4403677Z Updating files:  98% (2707/2762)
Production build (windows-latest)	Run actions/checkout@11d5960a326750d5838078e36cf38b85af677262	2026-10-04T06:00:17.4485195Z Updating files:  99% (2735/2762)
Production build (windows-latest)	Run actions/checkout@11d5960a326750d5838078e36cf38b85af677262	2026-10-04T06:00:17.4485849Z Updating files: 100% (2762/2762)
Production build (windows-latest)	Run actions/checkout@11d5960a326750d5838078e36cf38b85af677262	2026-10-04T06:00:17.4486585Z Updating files: 100% (2762/2762), done.
Production build (windows-latest)	Run actions/checkout@11d5960a326750d5838078e36cf38b85af677262	2026-10-04T06:00:17.4622414Z Note: switching to 'refs/remotes/pull/726/merge'.
Production build (windows-latest)	Run actions/checkout@11d5960a326750d5838078e36cf38b85af677262	2026-10-04T06:00:17.4622705Z 
Production build (windows-latest)	Run actions/checkout@11d5960a326750d5838078e36cf38b85af677262	2026-10-04T06:00:17.4623030Z You are in 'detached HEAD' state. You can look around, make experimental
Production build (windows-latest)	Run actions/checkout@11d5960a326750d5838078e36cf38b85af677262	2026-10-04T06:00:17.4623533Z changes and commit them, and you can discard any commits you make in this
Production build (windows-latest)	Run actions/checkout@11d5960a326750d5838078e36cf38b85af677262	2026-10-04T06:00:17.4623999Z state without impacting any branches by switching back to a branch.
Production build (windows-latest)	Run actions/checkout@11d5960a326750d5838078e36cf38b85af677262	2026-10-04T06:00:17.4624307Z 
Production build (windows-latest)	Run actions/checkout@11d5960a326750d5838078e36cf38b85af677262	2026-10-04T06:00:17.4625377Z If you want to create a new branch to retain commits you create, you may
Production build (windows-latest)	Run actions/checkout@11d5960a326750d5838078e36cf38b85af677262	2026-10-04T06:00:17.4626096Z do so (now or later) by using -c with the switch command. Example:
Production build (windows-latest)	Run actions/checkout@11d5960a326750d5838078e36cf38b85af677262	2026-10-04T06:00:17.4626369Z 
Production build (windows-latest)	Run actions/checkout@11d5960a326750d5838078e36cf38b85af677262	2026-10-04T06:00:17.4626506Z   git switch -c <new-branch-name>
Production build (windows-latest)	Run actions/checkout@11d5960a326750d5838078e36cf38b85af677262	2026-10-04T06:00:17.4626704Z 
Production build (windows-latest)	Run actions/checkout@11d5960a326750d5838078e36cf38b85af677262	2026-10-04T06:00:17.4626794Z Or undo this operation with:
Production build (windows-latest)	Run actions/checkout@11d5960a326750d5838078e36cf38b85af677262	2026-10-04T06:00:17.4626953Z 
Production build (windows-latest)	Run actions/checkout@11d5960a326750d5838078e36cf38b85af677262	2026-10-04T06:00:17.4627032Z   git switch -
Production build (windows-latest)	Run actions/checkout@11d5960a326750d5838078e36cf38b85af677262	2026-10-04T06:00:17.4627224Z 
Production build (windows-latest)	Run actions/checkout@11d5960a326750d5838078e36cf38b85af677262	2026-10-04T06:00:17.4627575Z Turn off this advice by setting config variable advice.detachedHead to false
Production build (windows-latest)	Run actions/checkout@11d5960a326750d5838078e36cf38b85af677262	2026-10-04T06:00:17.4628133Z 
Production build (windows-latest)	Run actions/checkout@11d5960a326750d5838078e36cf38b85af677262	2026-10-04T06:00:17.4628616Z HEAD is now at a5d1137 Merge 9c7b567bc96fbe34dc970e4a18b34ffe178f2323 into 1486796b411351a3ade9291b85d195df6b7b41ad
Production build (windows-latest)	Run actions/checkout@11d5960a326750d5838078e36cf38b85af677262	2026-10-04T06:00:17.4808698Z ##[endgroup]
Production build (windows-latest)	Run actions/checkout@11d5960a326750d5838078e36cf38b85af677262	2026-10-04T06:00:17.5248284Z [command]"C:\Program Files\Git\bin\git.exe" log -1 --format=%H
Production build (windows-latest)	Run actions/checkout@11d5960a326750d5838078e36cf38b85af677262	2026-10-04T06:00:17.5785890Z a5d11370e7a52d6ac92c82accb91fbce87784dd6
Production build (windows-latest)	Run actions/checkout@11d5960a326750d5838078e36cf38b85af677262	2026-10-04T06:00:17.5826501Z ##[group]Removing auth
Production build (windows-latest)	Run actions/checkout@11d5960a326750d5838078e36cf38b85af677262	2026-10-04T06:00:17.5835525Z [command]"C:\Program Files\Git\bin\git.exe" config --local --name-only --get-regexp core\.sshCommand
Production build (windows-latest)	Run actions/checkout@11d5960a326750d5838078e36cf38b85af677262	2026-10-04T06:00:17.6346142Z [command]"C:\Program Files\Git\bin\git.exe" submodule foreach --recursive "sh -c \"git config --local --name-only --get-regexp 'core\.sshCommand' && git config --local --unset-all 'core.sshCommand' || :\""
Production build (windows-latest)	Run actions/checkout@11d5960a326750d5838078e36cf38b85af677262	2026-10-04T06:00:18.1652397Z [command]"C:\Program Files\Git\bin\git.exe" config --local --name-only --get-regexp http\.https\:\/\/github\.com\/\.extraheader
Production build (windows-latest)	Run actions/checkout@11d5960a326750d5838078e36cf38b85af677262	2026-10-04T06:00:18.1902986Z http.https://github.com/.extraheader
Production build (windows-latest)	Run actions/checkout@11d5960a326750d5838078e36cf38b85af677262	2026-10-04T06:00:18.1941502Z [command]"C:\Program Files\Git\bin\git.exe" config --local --unset-all http.https://github.com/.extraheader
Production build (windows-latest)	Run actions/checkout@11d5960a326750d5838078e36cf38b85af677262	2026-10-04T06:00:18.2226517Z [command]"C:\Program Files\Git\bin\git.exe" submodule foreach --recursive "sh -c \"git config --local --name-only --get-regexp 'http\.https\:\/\/github\.com\/\.extraheader' && git config --local --unset-all 'http.https://github.com/.extraheader' || :\""
Production build (windows-latest)	Run actions/checkout@11d5960a326750d5838078e36cf38b85af677262	2026-10-04T06:00:18.7386626Z [command]"C:\Program Files\Git\bin\git.exe" config --local --name-only --get-regexp ^includeIf\.gitdir:
Production build (windows-latest)	Run actions/checkout@11d5960a326750d5838078e36cf38b85af677262	2026-10-04T06:00:18.7674320Z [command]"C:\Program Files\Git\bin\git.exe" submodule foreach --recursive "git config --local --show-origin --name-only --get-regexp remote.origin.url"
Production build (windows-latest)	Run actions/checkout@11d5960a326750d5838078e36cf38b85af677262	2026-10-04T06:00:19.3207302Z ##[endgroup]
Production build (windows-latest)	Run actions/setup-node@49933ea5288caeca8642d1e84afbd3f7d6820020	﻿2026-10-04T06:00:19.3638112Z ##[group]Run actions/setup-node@49933ea5288caeca8642d1e84afbd3f7d6820020
Production build (windows-latest)	Run actions/setup-node@49933ea5288caeca8642d1e84afbd3f7d6820020	2026-10-04T06:00:19.3638563Z with:
Production build (windows-latest)	Run actions/setup-node@49933ea5288caeca8642d1e84afbd3f7d6820020	2026-10-04T06:00:19.3638748Z   node-version: 22.13.1
Production build (windows-latest)	Run actions/setup-node@49933ea5288caeca8642d1e84afbd3f7d6820020	2026-10-04T06:00:19.3638949Z   cache: npm
Production build (windows-latest)	Run actions/setup-node@49933ea5288caeca8642d1e84afbd3f7d6820020	2026-10-04T06:00:19.3639130Z   always-auth: false
Production build (windows-latest)	Run actions/setup-node@49933ea5288caeca8642d1e84afbd3f7d6820020	2026-10-04T06:00:19.3639330Z   check-latest: false
Production build (windows-latest)	Run actions/setup-node@49933ea5288caeca8642d1e84afbd3f7d6820020	2026-10-04T06:00:19.3642297Z   token: ***
Production build (windows-latest)	Run actions/setup-node@49933ea5288caeca8642d1e84afbd3f7d6820020	2026-10-04T06:00:19.3642494Z ##[endgroup]
Production build (windows-latest)	Run actions/setup-node@49933ea5288caeca8642d1e84afbd3f7d6820020	2026-10-04T06:00:19.5330441Z Attempting to download 22.13.1...
Production build (windows-latest)	Run actions/setup-node@49933ea5288caeca8642d1e84afbd3f7d6820020	2026-10-04T06:00:19.5528079Z (node:8336) [DEP0040] DeprecationWarning: The `punycode` module is deprecated. Please use a userland alternative instead.
Production build (windows-latest)	Run actions/setup-node@49933ea5288caeca8642d1e84afbd3f7d6820020	2026-10-04T06:00:19.5529340Z (Use `node --trace-deprecation ...` to show where the warning was created)
Production build (windows-latest)	Run actions/setup-node@49933ea5288caeca8642d1e84afbd3f7d6820020	2026-10-04T06:00:20.1448772Z Acquiring 22.13.1 - x64 from https://github.com/actions/node-versions/releases/download/22.13.1-12900459766/node-22.13.1-win32-x64.7z
Production build (windows-latest)	Run actions/setup-node@49933ea5288caeca8642d1e84afbd3f7d6820020	2026-10-04T06:00:20.4879616Z Extracting ...
Production build (windows-latest)	Run actions/setup-node@49933ea5288caeca8642d1e84afbd3f7d6820020	2026-10-04T06:00:23.0879584Z Adding to the cache ...
Production build (windows-latest)	Run actions/setup-node@49933ea5288caeca8642d1e84afbd3f7d6820020	2026-10-04T06:00:27.8211854Z ##[group]Environment details
Production build (windows-latest)	Run actions/setup-node@49933ea5288caeca8642d1e84afbd3f7d6820020	2026-10-04T06:00:29.4122262Z node: v22.13.1
Production build (windows-latest)	Run actions/setup-node@49933ea5288caeca8642d1e84afbd3f7d6820020	2026-10-04T06:00:29.4122533Z npm: 10.9.2
Production build (windows-latest)	Run actions/setup-node@49933ea5288caeca8642d1e84afbd3f7d6820020	2026-10-04T06:00:29.4122704Z yarn: 1.22.22
Production build (windows-latest)	Run actions/setup-node@49933ea5288caeca8642d1e84afbd3f7d6820020	2026-10-04T06:00:29.4123122Z ##[endgroup]
Production build (windows-latest)	Run actions/setup-node@49933ea5288caeca8642d1e84afbd3f7d6820020	2026-10-04T06:00:29.4939890Z [command]C:\Windows\system32\cmd.exe /D /S /C "C:\hostedtoolcache\windows\node\22.13.1\x64\npm.cmd config get cache"
Production build (windows-latest)	Run actions/setup-node@49933ea5288caeca8642d1e84afbd3f7d6820020	2026-10-04T06:00:29.7957331Z C:\npm\cache
Production build (windows-latest)	Run actions/setup-node@49933ea5288caeca8642d1e84afbd3f7d6820020	2026-10-04T06:00:30.1198137Z npm cache is not found
Production build (windows-latest)	Verify exact official Node runtime	﻿2026-10-04T06:00:30.1631797Z ##[group]Run node scripts/verify-ci-node.mjs 22.13.1 --historical-build --record
Production build (windows-latest)	Verify exact official Node runtime	2026-10-04T06:00:30.1632611Z ^[[36;1mnode scripts/verify-ci-node.mjs 22.13.1 --historical-build --record^[[0m
Production build (windows-latest)	Verify exact official Node runtime	2026-10-04T06:00:30.2298162Z shell: C:\Program Files\PowerShell\7\pwsh.EXE -command ". '{0}'"
Production build (windows-latest)	Verify exact official Node runtime	2026-10-04T06:00:30.2321934Z ##[endgroup]
Production build (windows-latest)	Verify exact official Node runtime	2026-10-04T06:00:31.1346857Z {
Production build (windows-latest)	Verify exact official Node runtime	2026-10-04T06:00:31.1347355Z   "schemaVersion": 1,
Production build (windows-latest)	Verify exact official Node runtime	2026-10-04T06:00:31.1347824Z   "measuredAt": "2026-10-04T06:00:30.807Z",
Production build (windows-latest)	Verify exact official Node runtime	2026-10-04T06:00:31.1349679Z   "expectedVersion": "22.13.1",
Production build (windows-latest)	Verify exact official Node runtime	2026-10-04T06:00:31.1350169Z   "node": "22.13.1",
Production build (windows-latest)	Verify exact official Node runtime	2026-10-04T06:00:31.1350481Z   "libuv": "1.49.2",
Production build (windows-latest)	Verify exact official Node runtime	2026-10-04T06:00:31.1350795Z   "platform": "win32",
Production build (windows-latest)	Verify exact official Node runtime	2026-10-04T06:00:31.1351412Z   "architecture": "x64",
Production build (windows-latest)	Verify exact official Node runtime	2026-10-04T06:00:31.1351834Z   "osRelease": "10.0.26100",
Production build (windows-latest)	Verify exact official Node runtime	2026-10-04T06:00:31.1352588Z   "executableSha256": "8f6945c55a51c893691534e7163372e4cedb62c8ad80a2a975df3f14a19fba16",
Production build (windows-latest)	Verify exact official Node runtime	2026-10-04T06:00:31.1353570Z   "qualificationScope": "historical default-heap build only; unsupported for installed application acceptance",
Production build (windows-latest)	Verify exact official Node runtime	2026-10-04T06:00:31.1354466Z   "signedChecksumsSha256": "308707f67db68e671979d8849f997f1bd9c7111b5d78ec1e49957dedb44d450f",
Production build (windows-latest)	Verify exact official Node runtime	2026-10-04T06:00:31.1355071Z   "signingFingerprint": "890C08DB8579162FEE0DF9DB8BEAB4DFCF555EF4",
Production build (windows-latest)	Verify exact official Node runtime	2026-10-04T06:00:31.1355512Z   "sourceSha": "a5d11370e7a52d6ac92c82accb91fbce87784dd6",
Production build (windows-latest)	Verify exact official Node runtime	2026-10-04T06:00:31.1355847Z   "sourceTreeDirty": false,
Production build (windows-latest)	Verify exact official Node runtime	2026-10-04T06:00:31.1356271Z   "verifierSha256": "9a7b5e2b971454cc59bb8d03b6fc77a3ec8b0be1ef155f817709cb0b8690399a",
Production build (windows-latest)	Verify exact official Node runtime	2026-10-04T06:00:31.1356909Z   "binaryManifestSha256": "c143d1f9fcef870edb7bdb189717a4a92c0486764841aa724e7505c7e42bff9a",
Production build (windows-latest)	Verify exact official Node runtime	2026-10-04T06:00:31.1357563Z   "canonicalGuardSha256": "b3fde29811a79a880f84c95511b33e9dbd3e41ff38e8cafc89b0dad350ebeaba"
Production build (windows-latest)	Verify exact official Node runtime	2026-10-04T06:00:31.1357996Z }
Production build (windows-latest)	Run npm ci --include=dev	﻿2026-10-04T06:00:31.2883665Z ##[group]Run npm ci --include=dev
Production build (windows-latest)	Run npm ci --include=dev	2026-10-04T06:00:31.2884036Z ^[[36;1mnpm ci --include=dev^[[0m
Production build (windows-latest)	Run npm ci --include=dev	2026-10-04T06:00:31.2958987Z shell: C:\Program Files\PowerShell\7\pwsh.EXE -command ". '{0}'"
Production build (windows-latest)	Run npm ci --include=dev	2026-10-04T06:00:31.2959345Z ##[endgroup]
Production build (windows-latest)	Run npm ci --include=dev	2026-10-04T06:00:33.0662738Z npm warn EBADENGINE Unsupported engine {
Production build (windows-latest)	Run npm ci --include=dev	2026-10-04T06:00:33.0663499Z npm warn EBADENGINE   package: 'flujo-ai@3.46.3',
Production build (windows-latest)	Run npm ci --include=dev	2026-10-04T06:00:33.0663987Z npm warn EBADENGINE   required: { node: '^22.17.0 || ^24.2.0' },
Production build (windows-latest)	Run npm ci --include=dev	2026-10-04T06:00:33.0664562Z npm warn EBADENGINE   current: { node: 'v22.13.1', npm: '10.9.2' }
Production build (windows-latest)	Run npm ci --include=dev	2026-10-04T06:00:33.0665018Z npm warn EBADENGINE }
Production build (windows-latest)	Run npm ci --include=dev	2026-10-04T06:00:33.0671719Z npm warn EBADENGINE Unsupported engine {
Production build (windows-latest)	Run npm ci --include=dev	2026-10-04T06:00:33.0672309Z npm warn EBADENGINE   package: '@mario.andreschak/mcp-bash@3.46.3',
Production build (windows-latest)	Run npm ci --include=dev	2026-10-04T06:00:33.0672992Z npm warn EBADENGINE   required: { node: '^22.17.0 || ^24.2.0' },
Production build (windows-latest)	Run npm ci --include=dev	2026-10-04T06:00:33.0673548Z npm warn EBADENGINE   current: { node: 'v22.13.1', npm: '10.9.2' }
Production build (windows-latest)	Run npm ci --include=dev	2026-10-04T06:00:33.0673971Z npm warn EBADENGINE }
Production build (windows-latest)	Run npm ci --include=dev	2026-10-04T06:00:33.0675047Z npm warn EBADENGINE Unsupported engine {
Production build (windows-latest)	Run npm ci --include=dev	2026-10-04T06:00:33.0675961Z npm warn EBADENGINE   package: '@mario.andreschak/mcp-browser@3.46.3',
Production build (windows-latest)	Run npm ci --include=dev	2026-10-04T06:00:33.0676880Z npm warn EBADENGINE   required: { node: '^22.17.0 || ^24.2.0' },
Production build (windows-latest)	Run npm ci --include=dev	2026-10-04T06:00:33.0677745Z npm warn EBADENGINE   current: { node: 'v22.13.1', npm: '10.9.2' }
Production build (windows-latest)	Run npm ci --include=dev	2026-10-04T06:00:33.0678416Z npm warn EBADENGINE }
Production build (windows-latest)	Run npm ci --include=dev	2026-10-04T06:00:33.0678917Z npm warn EBADENGINE Unsupported engine {
Production build (windows-latest)	Run npm ci --include=dev	2026-10-04T06:00:33.0679736Z npm warn EBADENGINE   package: '@mario.andreschak/mcp-filesystem@3.46.3',
Production build (windows-latest)	Run npm ci --include=dev	2026-10-04T06:00:33.0680665Z npm warn EBADENGINE   required: { node: '^22.17.0 || ^24.2.0' },
Production build (windows-latest)	Run npm ci --include=dev	2026-10-04T06:00:33.0681513Z npm warn EBADENGINE   current: { node: 'v22.13.1', npm: '10.9.2' }
Production build (windows-latest)	Run npm ci --include=dev	2026-10-04T06:00:33.0682172Z npm warn EBADENGINE }
Production build (windows-latest)	Run npm ci --include=dev	2026-10-04T06:00:33.0682679Z npm warn EBADENGINE Unsupported engine {
Production build (windows-latest)	Run npm ci --include=dev	2026-10-04T06:00:33.0683449Z npm warn EBADENGINE   package: '@mario.andreschak/mcp-flujo@3.46.3',
Production build (windows-latest)	Run npm ci --include=dev	2026-10-04T06:00:33.0684771Z npm warn EBADENGINE   required: { node: '^22.17.0 || ^24.2.0' },
Production build (windows-latest)	Run npm ci --include=dev	2026-10-04T06:00:33.0686007Z npm warn EBADENGINE   current: { node: 'v22.13.1', npm: '10.9.2' }
Production build (windows-latest)	Run npm ci --include=dev	2026-10-04T06:00:33.0686629Z npm warn EBADENGINE }
Production build (windows-latest)	Run npm ci --include=dev	2026-10-04T06:00:33.0687082Z npm warn EBADENGINE Unsupported engine {
Production build (windows-latest)	Run npm ci --include=dev	2026-10-04T06:00:33.0687713Z npm warn EBADENGINE   package: '@flujo-ai/mcp-shared@0.1.0',
Production build (windows-latest)	Run npm ci --include=dev	2026-10-04T06:00:33.0688781Z npm warn EBADENGINE   required: { node: '^22.17.0 || ^24.2.0' },
Production build (windows-latest)	Run npm ci --include=dev	2026-10-04T06:00:33.0689515Z npm warn EBADENGINE   current: { node: 'v22.13.1', npm: '10.9.2' }
Production build (windows-latest)	Run npm ci --include=dev	2026-10-04T06:00:33.0690119Z npm warn EBADENGINE }
Production build (windows-latest)	Run npm ci --include=dev	2026-10-04T06:00:33.0766873Z npm warn EBADENGINE Unsupported engine {
Production build (windows-latest)	Run npm ci --include=dev	2026-10-04T06:00:33.0767615Z npm warn EBADENGINE   package: '@flujo-ai/mcp-shared@0.1.0',
Production build (windows-latest)	Run npm ci --include=dev	2026-10-04T06:00:33.0768408Z npm warn EBADENGINE   required: { node: '^22.17.0 || ^24.2.0' },
Production build (windows-latest)	Run npm ci --include=dev	2026-10-04T06:00:33.0769927Z npm warn EBADENGINE   current: { node: 'v22.13.1', npm: '10.9.2' }
Production build (windows-latest)	Run npm ci --include=dev	2026-10-04T06:00:33.0770571Z npm warn EBADENGINE }
Production build (windows-latest)	Run npm ci --include=dev	2026-10-04T06:00:33.0771034Z npm warn EBADENGINE Unsupported engine {
Production build (windows-latest)	Run npm ci --include=dev	2026-10-04T06:00:33.0771779Z npm warn EBADENGINE   package: '@mario.andreschak/mcp-bash@3.46.3',
Production build (windows-latest)	Run npm ci --include=dev	2026-10-04T06:00:33.0772626Z npm warn EBADENGINE   required: { node: '^22.17.0 || ^24.2.0' },
Production build (windows-latest)	Run npm ci --include=dev	2026-10-04T06:00:33.0773240Z npm warn EBADENGINE   current: { node: 'v22.13.1', npm: '10.9.2' }
Production build (windows-latest)	Run npm ci --include=dev	2026-10-04T06:00:33.0773611Z npm warn EBADENGINE }
Production build (windows-latest)	Run npm ci --include=dev	2026-10-04T06:00:33.0773921Z npm warn EBADENGINE Unsupported engine {
Production build (windows-latest)	Run npm ci --include=dev	2026-10-04T06:00:33.0774363Z npm warn EBADENGINE   package: '@mario.andreschak/mcp-browser@3.46.3',
Production build (windows-latest)	Run npm ci --include=dev	2026-10-04T06:00:33.0774847Z npm warn EBADENGINE   required: { node: '^22.17.0 || ^24.2.0' },
Production build (windows-latest)	Run npm ci --include=dev	2026-10-04T06:00:33.0775300Z npm warn EBADENGINE   current: { node: 'v22.13.1', npm: '10.9.2' }
Production build (windows-latest)	Run npm ci --include=dev	2026-10-04T06:00:33.0775645Z npm warn EBADENGINE }
Production build (windows-latest)	Run npm ci --include=dev	2026-10-04T06:00:33.0777214Z npm warn EBADENGINE Unsupported engine {
Production build (windows-latest)	Run npm ci --include=dev	2026-10-04T06:00:33.0778006Z npm warn EBADENGINE   package: '@mario.andreschak/mcp-filesystem@3.46.3',
Production build (windows-latest)	Run npm ci --include=dev	2026-10-04T06:00:33.0782589Z npm warn EBADENGINE   required: { node: '^22.17.0 || ^24.2.0' },
Production build (windows-latest)	Run npm ci --include=dev	2026-10-04T06:00:33.0783423Z npm warn EBADENGINE   current: { node: 'v22.13.1', npm: '10.9.2' }
Production build (windows-latest)	Run npm ci --include=dev	2026-10-04T06:00:33.0783997Z npm warn EBADENGINE }
Production build (windows-latest)	Run npm ci --include=dev	2026-10-04T06:00:33.0784415Z npm warn EBADENGINE Unsupported engine {
Production build (windows-latest)	Run npm ci --include=dev	2026-10-04T06:00:33.0785095Z npm warn EBADENGINE   package: '@mario.andreschak/mcp-flujo@3.46.3',
Production build (windows-latest)	Run npm ci --include=dev	2026-10-04T06:00:33.0785855Z npm warn EBADENGINE   required: { node: '^22.17.0 || ^24.2.0' },
Production build (windows-latest)	Run npm ci --include=dev	2026-10-04T06:00:33.0786580Z npm warn EBADENGINE   current: { node: 'v22.13.1', npm: '10.9.2' }
Production build (windows-latest)	Run npm ci --include=dev	2026-10-04T06:00:33.0787123Z npm warn EBADENGINE }
Production build (windows-latest)	Run npm ci --include=dev	2026-10-04T06:00:44.0027517Z npm warn deprecated inflight@1.0.6: This module is not supported, and leaks memory. Do not use it. Check out lru-cache if you want a good and tested way to coalesce async requests by a key value, which is much more comprehensive and powerful.
Production build (windows-latest)	Run npm ci --include=dev	2026-10-04T06:00:44.3694999Z npm warn deprecated whatwg-encoding@3.1.1: Use @exodus/bytes instead for a more spec-conformant and faster implementation
Production build (windows-latest)	Run npm ci --include=dev	2026-10-04T06:00:45.3546357Z npm warn deprecated glob@7.2.3: Old versions of glob are not supported, and contain widely publicized security vulnerabilities, which have been fixed in the current version. Please update. Support for old versions may be purchased (at exorbitant rates) by contacting i@izs.me
Production build (windows-latest)	Run npm ci --include=dev	2026-10-04T06:00:47.9612933Z npm warn deprecated node-domexception@1.0.0: Use your platform's native DOMException instead
Production build (windows-latest)	Run npm ci --include=dev	2026-10-04T06:00:49.1193834Z npm warn deprecated glob@10.5.0: Old versions of glob are not supported, and contain widely publicized security vulnerabilities, which have been fixed in the current version. Please update. Support for old versions may be purchased (at exorbitant rates) by contacting i@izs.me
Production build (windows-latest)	Run npm ci --include=dev	2026-10-04T06:01:43.6238937Z 
Production build (windows-latest)	Run npm ci --include=dev	2026-10-04T06:01:43.6239771Z added 1338 packages, and audited 1345 packages in 1m
Production build (windows-latest)	Run npm ci --include=dev	2026-10-04T06:01:43.6240292Z 
Production build (windows-latest)	Run npm ci --include=dev	2026-10-04T06:01:43.6240518Z 446 packages are looking for funding
Production build (windows-latest)	Run npm ci --include=dev	2026-10-04T06:01:43.6240951Z   run `npm fund` for details
Production build (windows-latest)	Run npm ci --include=dev	2026-10-04T06:01:43.6270638Z 
Production build (windows-latest)	Run npm ci --include=dev	2026-10-04T06:01:43.6271012Z found 0 vulnerabilities
Production build (windows-latest)	Verify tracing against a populated runtime directory	﻿2026-10-04T06:01:45.6775509Z ##[group]Run node --test scripts/exclude-workspaces-from-next-glob.test.mjs
Production build (windows-latest)	Verify tracing against a populated runtime directory	2026-10-04T06:01:45.6776850Z ^[[36;1mnode --test scripts/exclude-workspaces-from-next-glob.test.mjs^[[0m
Production build (windows-latest)	Verify tracing against a populated runtime directory	2026-10-04T06:01:45.6861491Z shell: C:\Program Files\PowerShell\7\pwsh.EXE -command ". '{0}'"
Production build (windows-latest)	Verify tracing against a populated runtime directory	2026-10-04T06:01:45.6861875Z ##[endgroup]
Production build (windows-latest)	Verify tracing against a populated runtime directory	2026-10-04T06:01:46.0211735Z TAP version 13
Production build (windows-latest)	Verify tracing against a populated runtime directory	2026-10-04T06:01:46.4195348Z # Subtest: Next tracer prunes runtime data before traversing a dynamic project-wide glob
Production build (windows-latest)	Verify tracing against a populated runtime directory	2026-10-04T06:01:46.4203755Z ok 1 - Next tracer prunes runtime data before traversing a dynamic project-wide glob
Production build (windows-latest)	Verify tracing against a populated runtime directory	2026-10-04T06:01:46.4204826Z   ---
Production build (windows-latest)	Verify tracing against a populated runtime directory	2026-10-04T06:01:46.4205214Z   duration_ms: 167.588
Production build (windows-latest)	Verify tracing against a populated runtime directory	2026-10-04T06:01:46.4205577Z   ...
Production build (windows-latest)	Verify tracing against a populated runtime directory	2026-10-04T06:01:46.4216173Z # Subtest: Next tracer prunes runtime data before traversing a direct workspace glob
Production build (windows-latest)	Verify tracing against a populated runtime directory	2026-10-04T06:01:46.4217617Z ok 2 - Next tracer prunes runtime data before traversing a direct workspace glob
Production build (windows-latest)	Verify tracing against a populated runtime directory	2026-10-04T06:01:46.4218397Z   ---
Production build (windows-latest)	Verify tracing against a populated runtime directory	2026-10-04T06:01:46.4218724Z   duration_ms: 171.9639
Production build (windows-latest)	Verify tracing against a populated runtime directory	2026-10-04T06:01:46.4219172Z   ...
Production build (windows-latest)	Verify tracing against a populated runtime directory	2026-10-04T06:01:46.4330994Z 1..2
Production build (windows-latest)	Verify tracing against a populated runtime directory	2026-10-04T06:01:46.4335268Z # tests 2
Production build (windows-latest)	Verify tracing against a populated runtime directory	2026-10-04T06:01:46.4335601Z # suites 0
Production build (windows-latest)	Verify tracing against a populated runtime directory	2026-10-04T06:01:46.4336758Z # pass 2
Production build (windows-latest)	Verify tracing against a populated runtime directory	2026-10-04T06:01:46.4337260Z # fail 0
Production build (windows-latest)	Verify tracing against a populated runtime directory	2026-10-04T06:01:46.4338517Z # cancelled 0
Production build (windows-latest)	Verify tracing against a populated runtime directory	2026-10-04T06:01:46.4339189Z # skipped 0
Production build (windows-latest)	Verify tracing against a populated runtime directory	2026-10-04T06:01:46.4340049Z # todo 0
Production build (windows-latest)	Verify tracing against a populated runtime directory	2026-10-04T06:01:46.4341021Z # duration_ms 431.652
Production build (windows-latest)	Build with the ordinary command and default Node heap	﻿2026-10-04T06:01:46.5654376Z ##[group]Run npm run build
Production build (windows-latest)	Build with the ordinary command and default Node heap	2026-10-04T06:01:46.5654715Z ^[[36;1mnpm run build^[[0m
Production build (windows-latest)	Build with the ordinary command and default Node heap	2026-10-04T06:01:46.5725223Z shell: C:\Program Files\PowerShell\7\pwsh.EXE -command ". '{0}'"
Production build (windows-latest)	Build with the ordinary command and default Node heap	2026-10-04T06:01:46.5725581Z ##[endgroup]
Production build (windows-latest)	Build with the ordinary command and default Node heap	2026-10-04T06:01:47.2027042Z 
Production build (windows-latest)	Build with the ordinary command and default Node heap	2026-10-04T06:01:47.2027551Z > flujo-ai@3.46.3 build
Production build (windows-latest)	Build with the ordinary command and default Node heap	2026-10-04T06:01:47.2028497Z > npm run build:mcp && node --require ./scripts/exclude-workspaces-from-next-glob.cjs node_modules/next/dist/bin/next build --webpack
Production build (windows-latest)	Build with the ordinary command and default Node heap	2026-10-04T06:01:47.2029211Z 
Production build (windows-latest)	Build with the ordinary command and default Node heap	2026-10-04T06:01:47.5036673Z 
Production build (windows-latest)	Build with the ordinary command and default Node heap	2026-10-04T06:01:47.5037371Z > flujo-ai@3.46.3 build:mcp
Production build (windows-latest)	Build with the ordinary command and default Node heap	2026-10-04T06:01:47.5040085Z > npm run build -w @flujo-ai/mcp-shared && npm run build -w @mario.andreschak/mcp-filesystem && npm run build -w @mario.andreschak/mcp-bash && npm run build -w @mario.andreschak/mcp-browser && npm run build -w @mario.andreschak/mcp-flujo
Production build (windows-latest)	Build with the ordinary command and default Node heap	2026-10-04T06:01:47.5041705Z 
Production build (windows-latest)	Build with the ordinary command and default Node heap	2026-10-04T06:01:47.8311143Z 
Production build (windows-latest)	Build with the ordinary command and default Node heap	2026-10-04T06:01:47.8311757Z > @flujo-ai/mcp-shared@0.1.0 build
Production build (windows-latest)	Build with the ordinary command and default Node heap	2026-10-04T06:01:47.8312183Z > tsc -p tsconfig.json
Production build (windows-latest)	Build with the ordinary command and default Node heap	2026-10-04T06:01:47.8312436Z 
Production build (windows-latest)	Build with the ordinary command and default Node heap	2026-10-04T06:01:49.2449533Z 
Production build (windows-latest)	Build with the ordinary command and default Node heap	2026-10-04T06:01:49.2450312Z > @mario.andreschak/mcp-filesystem@3.46.3 build
Production build (windows-latest)	Build with the ordinary command and default Node heap	2026-10-04T06:01:49.2451795Z > tsc -p tsconfig.json && node ../embed-shared.mjs filesystem && node ../embed-runtime.mjs filesystem
Production build (windows-latest)	Build with the ordinary command and default Node heap	2026-10-04T06:01:49.2452519Z 
Production build (windows-latest)	Build with the ordinary command and default Node heap	2026-10-04T06:01:51.9869189Z 
Production build (windows-latest)	Build with the ordinary command and default Node heap	2026-10-04T06:01:51.9870087Z > @mario.andreschak/mcp-bash@3.46.3 build
Production build (windows-latest)	Build with the ordinary command and default Node heap	2026-10-04T06:01:51.9874568Z > tsc -p tsconfig.json && node ../embed-shared.mjs bash && node ../embed-runtime.mjs bash
Production build (windows-latest)	Build with the ordinary command and default Node heap	2026-10-04T06:01:51.9875229Z 
Production build (windows-latest)	Build with the ordinary command and default Node heap	2026-10-04T06:01:54.7919104Z 
Production build (windows-latest)	Build with the ordinary command and default Node heap	2026-10-04T06:01:54.7919815Z > @mario.andreschak/mcp-browser@3.46.3 build
Production build (windows-latest)	Build with the ordinary command and default Node heap	2026-10-04T06:01:54.7920536Z > tsc -p tsconfig.json && node ../embed-runtime.mjs browser
Production build (windows-latest)	Build with the ordinary command and default Node heap	2026-10-04T06:01:54.7920898Z 
Production build (windows-latest)	Build with the ordinary command and default Node heap	2026-10-04T06:01:58.0806842Z 
Production build (windows-latest)	Build with the ordinary command and default Node heap	2026-10-04T06:01:58.0807551Z > @mario.andreschak/mcp-flujo@3.46.3 build
Production build (windows-latest)	Build with the ordinary command and default Node heap	2026-10-04T06:01:58.0808663Z > tsc -p tsconfig.json && node ../embed-runtime.mjs flujo
Production build (windows-latest)	Build with the ordinary command and default Node heap	2026-10-04T06:01:58.0809099Z 
Production build (windows-latest)	Build with the ordinary command and default Node heap	2026-10-04T06:02:00.5417062Z ▲ Next.js 16.3.8 (webpack)
Production build (windows-latest)	Build with the ordinary command and default Node heap	2026-10-04T06:02:00.5765370Z ✓ Running next.config.mjs took 34ms
Production build (windows-latest)	Build with the ordinary command and default Node heap	2026-10-04T06:02:00.5768826Z ⚠ No build cache found. Please configure build caching for faster rebuilds. Read more: https://nextjs.org/docs/messages/no-cache
Production build (windows-latest)	Build with the ordinary command and default Node heap	2026-10-04T06:02:00.5834413Z Attention: Next.js now collects completely anonymous telemetry regarding usage.
Production build (windows-latest)	Build with the ordinary command and default Node heap	2026-10-04T06:02:00.5835426Z This information is used to shape Next.js' roadmap and prioritize features.
Production build (windows-latest)	Build with the ordinary command and default Node heap	2026-10-04T06:02:00.5836861Z You can learn more, including how to opt-out if you'd not like to participate in this anonymous program, by visiting the following URL:
Production build (windows-latest)	Build with the ordinary command and default Node heap	2026-10-04T06:02:00.5838276Z https://nextjs.org/telemetry
Production build (windows-latest)	Build with the ordinary command and default Node heap	2026-10-04T06:02:00.5838651Z 
Production build (windows-latest)	Build with the ordinary command and default Node heap	2026-10-04T06:02:00.6141958Z - Experiments (use with caution):
Production build (windows-latest)	Build with the ordinary command and default Node heap	2026-10-04T06:02:00.6146691Z   · proxyClientMaxBodySize: "100mb"
Production build (windows-latest)	Build with the ordinary command and default Node heap	2026-10-04T06:02:00.6148249Z   ✓ webpackBuildWorker
Production build (windows-latest)	Build with the ordinary command and default Node heap	2026-10-04T06:02:00.6148671Z   ✓ webpackMemoryOptimizations
Production build (windows-latest)	Build with the ordinary command and default Node heap	2026-10-04T06:02:00.6148855Z 
Production build (windows-latest)	Build with the ordinary command and default Node heap	2026-10-04T06:02:00.7531501Z   Creating an optimized production build ...
Production build (windows-latest)	Build with the ordinary command and default Node heap	2026-10-04T06:02:01.7319348Z   Using tsconfig file: tsconfig.build.json
Production build (windows-latest)	Build with the ordinary command and default Node heap	2026-10-04T06:03:17.6421716Z   Using tsconfig file: tsconfig.build.json
Production build (windows-latest)	Build with the ordinary command and default Node heap	2026-10-04T06:03:19.2498805Z   Using tsconfig file: tsconfig.build.json
Production build (windows-latest)	Build with the ordinary command and default Node heap	2026-10-04T06:03:35.9338441Z ✓ Compiled successfully in 91s
Production build (windows-latest)	Build with the ordinary command and default Node heap	2026-10-04T06:03:35.9491085Z   Running TypeScript ...
Production build (windows-latest)	Build with the ordinary command and default Node heap	2026-10-04T06:04:18.4091683Z   Finished TypeScript in 42s ...
Production build (windows-latest)	Build with the ordinary command and default Node heap	2026-10-04T06:04:18.4150124Z   Collecting page data using 3 workers ...
Production build (windows-latest)	Build with the ordinary command and default Node heap	2026-10-04T06:04:27.1278062Z   Generating static pages using 3 workers (0/122) ...
Production build (windows-latest)	Build with the ordinary command and default Node heap	2026-10-04T06:04:37.1821214Z   Generating static pages using 3 workers (30/122) 
Production build (windows-latest)	Build with the ordinary command and default Node heap	2026-10-04T06:04:39.5290850Z   Generating static pages using 3 workers (60/122) 
Production build (windows-latest)	Build with the ordinary command and default Node heap	2026-10-04T06:04:41.3537615Z   Generating static pages using 3 workers (91/122) 
Production build (windows-latest)	Build with the ordinary command and default Node heap	2026-10-04T06:04:42.8663422Z ✓ Generating static pages using 3 workers (122/122) in 15.7s
Production build (windows-latest)	Build with the ordinary command and default Node heap	2026-10-04T06:04:45.5425716Z   Finalizing page optimization ...
Production build (windows-latest)	Build with the ordinary command and default Node heap	2026-10-04T06:04:45.5430031Z   Collecting build traces ...
Production build (windows-latest)	Build with the ordinary command and default Node heap	2026-10-04T06:04:58.8722908Z 
Production build (windows-latest)	Build with the ordinary command and default Node heap	2026-10-04T06:04:58.8780026Z Route (app)
Production build (windows-latest)	Build with the ordinary command and default Node heap	2026-10-04T06:04:58.8780849Z ┌ ○ /
Production build (windows-latest)	Build with the ordinary command and default Node heap	2026-10-04T06:04:58.8781394Z ├ ○ /_not-found
Production build (windows-latest)	Build with the ordinary command and default Node heap	2026-10-04T06:04:58.8782308Z ├ ƒ /api/approvals
Production build (windows-latest)	Build with the ordinary command and default Node heap	2026-10-04T06:04:58.8782851Z ├ ƒ /api/approvals/[id]
Production build (windows-latest)	Build with the ordinary command and default Node heap	2026-10-04T06:04:58.8783878Z ├ ƒ /api/automation-map
Production build (windows-latest)	Build with the ordinary command and default Node heap	2026-10-04T06:04:58.8784953Z ├ ƒ /api/avatar/[voiceAction]
Production build (windows-latest)	Build with the ordinary command and default Node heap	2026-10-04T06:04:58.8785668Z ├ ƒ /api/avatar/connections
Production build (windows-latest)	Build with the ordinary command and default Node heap	2026-10-04T06:04:58.8786563Z ├ ƒ /api/avatar/remote/[voiceAction]
Production build (windows-latest)	Build with the ordinary command and default Node heap	2026-10-04T06:04:58.8787369Z ├ ƒ /api/avatar/remote/availability
Production build (windows-latest)	Build with the ordinary command and default Node heap	2026-10-04T06:04:58.8788061Z ├ ƒ /api/avatar/voice
Production build (windows-latest)	Build with the ordinary command and default Node heap	2026-10-04T06:04:58.8788672Z ├ ƒ /api/avatar/work-model
Production build (windows-latest)	Build with the ordinary command and default Node heap	2026-10-04T06:04:58.8789272Z ├ ƒ /api/avatar/world
Production build (windows-latest)	Build with the ordinary command and default Node heap	2026-10-04T06:04:58.8789827Z ├ ƒ /api/backup
Production build (windows-latest)	Build with the ordinary command and default Node heap	2026-10-04T06:04:58.8790377Z ├ ƒ /api/browse
Production build (windows-latest)	Build with the ordinary command and default Node heap	2026-10-04T06:04:58.8790976Z ├ ƒ /api/bugs/enhance
Production build (windows-latest)	Build with the ordinary command and default Node heap	2026-10-04T06:04:58.8791642Z ├ ƒ /api/cloud/instance
Production build (windows-latest)	Build with the ordinary command and default Node heap	2026-10-04T06:04:58.8792207Z ├ ƒ /api/cwd
Production build (windows-latest)	Build with the ordinary command and default Node heap	2026-10-04T06:04:58.8792870Z ├ ƒ /api/encryption/secure
Production build (windows-latest)	Build with the ordinary command and default Node heap	2026-10-04T06:04:58.8793410Z ├ ƒ /api/env
Production build (windows-latest)	Build with the ordinary command and default Node heap	2026-10-04T06:04:58.8793919Z ├ ƒ /api/flow
Production build (windows-latest)	Build with the ordinary command and default Node heap	2026-10-04T06:04:58.8794438Z ├ ƒ /api/flow/[id]
Production build (windows-latest)	Build with the ordinary command and default Node heap	2026-10-04T06:04:58.8795155Z ├ ƒ /api/flow/[id]/convert-process-to-subflow
Production build (windows-latest)	Build with the ordinary command and default Node heap	2026-10-04T06:04:58.8795953Z ├ ƒ /api/flow/[id]/versions
Production build (windows-latest)	Build with the ordinary command and default Node heap	2026-10-04T06:04:58.8796794Z ├ ƒ /api/flow/[id]/versions/[versionId]
Production build (windows-latest)	Build with the ordinary command and default Node heap	2026-10-04T06:04:58.8797556Z ├ ƒ /api/flow/assist
Production build (windows-latest)	Build with the ordinary command and default Node heap	2026-10-04T06:04:58.8798159Z ├ ƒ /api/flow/compile
Production build (windows-latest)	Build with the ordinary command and default Node heap	2026-10-04T06:04:58.8826862Z ├ ƒ /api/flow/generate
Production build (windows-latest)	Build with the ordinary command and default Node heap	2026-10-04T06:04:58.8827531Z ├ ƒ /api/flow/generate/visual
Production build (windows-latest)	Build with the ordinary command and default Node heap	2026-10-04T06:04:58.8828075Z ├ ƒ /api/flow/generator
Production build (windows-latest)	Build with the ordinary command and default Node heap	2026-10-04T06:04:58.8828935Z ├ ƒ /api/flow/improve
Production build (windows-latest)	Build with the ordinary command and default Node heap	2026-10-04T06:04:58.8829791Z ├ ƒ /api/flow/model-agent
Production build (windows-latest)	Build with the ordinary command and default Node heap	2026-10-04T06:04:58.8832303Z ├ ƒ /api/flow/prompt-renderer
Production build (windows-latest)	Build with the ordinary command and default Node heap	2026-10-04T06:04:58.8833103Z ├ ƒ /api/flow/quick-chat
Production build (windows-latest)	Build with the ordinary command and default Node heap	2026-10-04T06:04:58.8833689Z ├ ƒ /api/flow/repair
Production build (windows-latest)	Build with the ordinary command and default Node heap	2026-10-04T06:04:58.8834156Z ├ ƒ /api/git
Production build (windows-latest)	Build with the ordinary command and default Node heap	2026-10-04T06:04:58.8834551Z ├ ƒ /api/init
Production build (windows-latest)	Build with the ordinary command and default Node heap	2026-10-04T06:04:58.8835056Z ├ ƒ /api/local-models/capability
Production build (windows-latest)	Build with the ordinary command and default Node heap	2026-10-04T06:04:58.8835610Z ├ ƒ /api/local-models/pull
Production build (windows-latest)	Build with the ordinary command and default Node heap	2026-10-04T06:04:58.8836096Z ├ ƒ /api/local-models/suggest
Production build (windows-latest)	Build with the ordinary command and default Node heap	2026-10-04T06:04:58.8836549Z ├ ƒ /api/mcp-registry
Production build (windows-latest)	Build with the ordinary command and default Node heap	2026-10-04T06:04:58.8837040Z ├ ƒ /api/mcp-registry/spotlight
Production build (windows-latest)	Build with the ordinary command and default Node heap	2026-10-04T06:04:58.8837566Z ├ ƒ /api/mcp/app-consent
Production build (windows-latest)	Build with the ordinary command and default Node heap	2026-10-04T06:04:58.8838048Z ├ ƒ /api/mcp/app-sandbox
Production build (windows-latest)	Build with the ordinary command and default Node heap	2026-10-04T06:04:58.8838550Z ├ ƒ /api/mcp/assistant
Production build (windows-latest)	Build with the ordinary command and default Node heap	2026-10-04T06:04:58.8838984Z ├ ƒ /api/mcp/cancel
Production build (windows-latest)	Build with the ordinary command and default Node heap	2026-10-04T06:04:58.8839440Z ├ ƒ /api/mcp/flujo/authoring
Production build (windows-latest)	Build with the ordinary command and default Node heap	2026-10-04T06:04:58.8839944Z ├ ƒ /api/mcp/flujo/automation
Production build (windows-latest)	Build with the ordinary command and default Node heap	2026-10-04T06:04:58.8840451Z ├ ƒ /api/mcp/flujo/flows
Production build (windows-latest)	Build with the ordinary command and default Node heap	2026-10-04T06:04:58.8840900Z ├ ƒ /api/mcp/flujo/resources
Production build (windows-latest)	Build with the ordinary command and default Node heap	2026-10-04T06:04:58.8841793Z ├ ƒ /api/mcp/flujo/resources/read
Production build (windows-latest)	Build with the ordinary command and default Node heap	2026-10-04T06:04:58.8842690Z ├ ƒ /api/mcp/flujo/servers
Production build (windows-latest)	Build with the ordinary command and default Node heap	2026-10-04T06:04:58.8843189Z ├ ƒ /api/mcp/flujo/skills
Production build (windows-latest)	Build with the ordinary command and default Node heap	2026-10-04T06:04:58.8843652Z ├ ƒ /api/mcp/flujo/state
Production build (windows-latest)	Build with the ordinary command and default Node heap	2026-10-04T06:04:58.8844123Z ├ ƒ /api/mcp/flujo/tools
Production build (windows-latest)	Build with the ordinary command and default Node heap	2026-10-04T06:04:58.8844617Z ├ ƒ /api/mcp/oauth-capability
Production build (windows-latest)	Build with the ordinary command and default Node heap	2026-10-04T06:04:58.8845072Z ├ ƒ /api/mcp/servers
Production build (windows-latest)	Build with the ordinary command and default Node heap	2026-10-04T06:04:58.8845521Z ├ ƒ /api/mcp/servers/[name]
Production build (windows-latest)	Build with the ordinary command and default Node heap	2026-10-04T06:04:58.8846002Z ├ ƒ /api/mcp/servers/[name]/prompts
Production build (windows-latest)	Build with the ordinary command and default Node heap	2026-10-04T06:04:58.8846585Z ├ ƒ /api/mcp/servers/[name]/prompts/get
Production build (windows-latest)	Build with the ordinary command and default Node heap	2026-10-04T06:04:58.8847307Z ├ ƒ /api/mcp/servers/[name]/resources
Production build (windows-latest)	Build with the ordinary command and default Node heap	2026-10-04T06:04:58.8847942Z ├ ƒ /api/mcp/servers/[name]/resources/read
Production build (windows-latest)	Build with the ordinary command and default Node heap	2026-10-04T06:04:58.8848492Z ├ ƒ /api/mcp/servers/[name]/skills
Production build (windows-latest)	Build with the ordinary command and default Node heap	2026-10-04T06:04:58.8849048Z ├ ƒ /api/mcp/servers/[name]/skills/approve
Production build (windows-latest)	Build with the ordinary command and default Node heap	2026-10-04T06:04:58.8849694Z ├ ƒ /api/mcp/servers/[name]/skills/get
Production build (windows-latest)	Build with the ordinary command and default Node heap	2026-10-04T06:04:58.8850494Z ├ ƒ /api/mcp/servers/[name]/skills/load
Production build (windows-latest)	Build with the ordinary command and default Node heap	2026-10-04T06:04:58.8851108Z ├ ƒ /api/mcp/servers/[name]/status
Production build (windows-latest)	Build with the ordinary command and default Node heap	2026-10-04T06:04:58.8851762Z ├ ƒ /api/mcp/servers/[name]/stdio-oauth/confirm
Production build (windows-latest)	Build with the ordinary command and default Node heap	2026-10-04T06:04:58.8852501Z ├ ƒ /api/mcp/servers/[name]/stdio-oauth/start
Production build (windows-latest)	Build with the ordinary command and default Node heap	2026-10-04T06:04:58.8853132Z ├ ƒ /api/mcp/servers/[name]/tools
Production build (windows-latest)	Build with the ordinary command and default Node heap	2026-10-04T06:04:58.8854991Z ├ ƒ /api/mcp/servers/[name]/tools/[toolName]
Production build (windows-latest)	Build with the ordinary command and default Node heap	2026-10-04T06:04:58.8855728Z ├ ƒ /api/mcp/servers/[name]/tools/[toolName]/stream
Production build (windows-latest)	Build with the ordinary command and default Node heap	2026-10-04T06:04:58.8856360Z ├ ƒ /api/mcp/test-connection
Production build (windows-latest)	Build with the ordinary command and default Node heap	2026-10-04T06:04:58.8856854Z ├ ƒ /api/mcp/test-connection/stream
Production build (windows-latest)	Build with the ordinary command and default Node heap	2026-10-04T06:04:58.8857279Z ├ ƒ /api/model
Production build (windows-latest)	Build with the ordinary command and default Node heap	2026-10-04T06:04:58.8857634Z ├ ƒ /api/model/[id]
Production build (windows-latest)	Build with the ordinary command and default Node heap	2026-10-04T06:04:58.8858017Z ├ ƒ /api/model/provider
Production build (windows-latest)	Build with the ordinary command and default Node heap	2026-10-04T06:04:58.8858402Z ├ ƒ /api/model/test
Production build (windows-latest)	Build with the ordinary command and default Node heap	2026-10-04T06:04:58.8858784Z ├ ƒ /api/network-exposure
Production build (windows-latest)	Build with the ordinary command and default Node heap	2026-10-04T06:04:58.8859211Z ├ ƒ /api/oauth/callback
Production build (windows-latest)	Build with the ordinary command and default Node heap	2026-10-04T06:04:58.8859598Z ├ ƒ /api/oauth/initiate
Production build (windows-latest)	Build with the ordinary command and default Node heap	2026-10-04T06:04:58.8859963Z ├ ƒ /api/oauth/reset
Production build (windows-latest)	Build with the ordinary command and default Node heap	2026-10-04T06:04:58.8860343Z ├ ƒ /api/packages/build
Production build (windows-latest)	Build with the ordinary command and default Node heap	2026-10-04T06:04:58.8860821Z ├ ƒ /api/packages/derive-secrets
Production build (windows-latest)	Build with the ordinary command and default Node heap	2026-10-04T06:04:58.8861291Z ├ ƒ /api/packages/install
Production build (windows-latest)	Build with the ordinary command and default Node heap	2026-10-04T06:04:58.8861780Z ├ ƒ /api/packages/install/status
Production build (windows-latest)	Build with the ordinary command and default Node heap	2026-10-04T06:04:58.8862219Z ├ ƒ /api/packages/installed
Production build (windows-latest)	Build with the ordinary command and default Node heap	2026-10-04T06:04:58.8863191Z ├ ƒ /api/packages/resolve
Production build (windows-latest)	Build with the ordinary command and default Node heap	2026-10-04T06:04:58.8863733Z ├ ƒ /api/packages/scan-targets
Production build (windows-latest)	Build with the ordinary command and default Node heap	2026-10-04T06:04:58.8864180Z ├ ƒ /api/packages/search
Production build (windows-latest)	Build with the ordinary command and default Node heap	2026-10-04T06:04:58.8864666Z ├ ƒ /api/packages/uninstall
Production build (windows-latest)	Build with the ordinary command and default Node heap	2026-10-04T06:04:58.8865086Z ├ ƒ /api/persona-recovery
Production build (windows-latest)	Build with the ordinary command and default Node heap	2026-10-04T06:04:58.8865526Z ├ ƒ /api/planned-executions
Production build (windows-latest)	Build with the ordinary command and default Node heap	2026-10-04T06:04:58.8866070Z ├ ƒ /api/planned-executions/[id]
Production build (windows-latest)	Build with the ordinary command and default Node heap	2026-10-04T06:04:58.8866627Z ├ ƒ /api/planned-executions/[id]/run
Production build (windows-latest)	Build with the ordinary command and default Node heap	2026-10-04T06:04:58.8867165Z ├ ƒ /api/planned-executions/[id]/runs
Production build (windows-latest)	Build with the ordinary command and default Node heap	2026-10-04T06:04:58.8867762Z ├ ƒ /api/planned-executions/[id]/worker-recovery
Production build (windows-latest)	Build with the ordinary command and default Node heap	2026-10-04T06:04:58.8868481Z ├ ƒ /api/planned-executions/preview-schedule
Production build (windows-latest)	Build with the ordinary command and default Node heap	2026-10-04T06:04:58.8869130Z ├ ƒ /api/planned-executions/reconcile
Production build (windows-latest)	Build with the ordinary command and default Node heap	2026-10-04T06:04:58.8869741Z ├ ƒ /api/reference-search/files
Production build (windows-latest)	Build with the ordinary command and default Node heap	2026-10-04T06:04:58.8870688Z ├ ƒ /api/registry/auth
Production build (windows-latest)	Build with the ordinary command and default Node heap	2026-10-04T06:04:58.8871184Z ├ ƒ /api/registry/auth/resend
Production build (windows-latest)	Build with the ordinary command and default Node heap	2026-10-04T06:04:58.8871629Z ├ ƒ /api/registry/auth/reset
Production build (windows-latest)	Build with the ordinary command and default Node heap	2026-10-04T06:04:58.8872255Z ├ ƒ /api/registry/feedback
Production build (windows-latest)	Build with the ordinary command and default Node heap	2026-10-04T06:04:58.8872698Z ├ ƒ /api/registry/oauth/callback
Production build (windows-latest)	Build with the ordinary command and default Node heap	2026-10-04T06:04:58.8873227Z ├ ƒ /api/registry/oauth/initiate
Production build (windows-latest)	Build with the ordinary command and default Node heap	2026-10-04T06:04:58.8873581Z ├ ƒ /api/registry/packages
Production build (windows-latest)	Build with the ordinary command and default Node heap	2026-10-04T06:04:58.8873913Z ├ ƒ /api/registry/publish
Production build (windows-latest)	Build with the ordinary command and default Node heap	2026-10-04T06:04:58.8874234Z ├ ƒ /api/registry/settings
Production build (windows-latest)	Build with the ordinary command and default Node heap	2026-10-04T06:04:58.8874541Z ├ ƒ /api/restore
Production build (windows-latest)	Build with the ordinary command and default Node heap	2026-10-04T06:04:58.8874834Z ├ ƒ /api/runs/active
Production build (windows-latest)	Build with the ordinary command and default Node heap	2026-10-04T06:04:58.8875184Z ├ ƒ /api/runtime-environment
Production build (windows-latest)	Build with the ordinary command and default Node heap	2026-10-04T06:04:58.8875523Z ├ ƒ /api/setup/ai-cli
Production build (windows-latest)	Build with the ordinary command and default Node heap	2026-10-04T06:04:58.8875845Z ├ ƒ /api/snapshot/abort
Production build (windows-latest)	Build with the ordinary command and default Node heap	2026-10-04T06:04:58.8876154Z ├ ƒ /api/snapshot/begin
Production build (windows-latest)	Build with the ordinary command and default Node heap	2026-10-04T06:04:58.8876469Z ├ ƒ /api/snapshot/download
Production build (windows-latest)	Build with the ordinary command and default Node heap	2026-10-04T06:04:58.8876754Z ├ ƒ /api/snapshot/finalize
Production build (windows-latest)	Build with the ordinary command and default Node heap	2026-10-04T06:04:58.8877094Z ├ ƒ /api/snapshot/info
Production build (windows-latest)	Build with the ordinary command and default Node heap	2026-10-04T06:04:58.8877613Z ├ ƒ /api/snapshot/status
Production build (windows-latest)	Build with the ordinary command and default Node heap	2026-10-04T06:04:58.8877902Z ├ ƒ /api/snapshots
Production build (windows-latest)	Build with the ordinary command and default Node heap	2026-10-04T06:04:58.8878208Z ├ ƒ /api/snapshots/cleanup
Production build (windows-latest)	Build with the ordinary command and default Node heap	2026-10-04T06:04:58.8878576Z ├ ƒ /api/snapshots/open-folder
Production build (windows-latest)	Build with the ordinary command and default Node heap	2026-10-04T06:04:58.8878897Z ├ ƒ /api/statistics
Production build (windows-latest)	Build with the ordinary command and default Node heap	2026-10-04T06:04:58.8879172Z ├ ƒ /api/storage
Production build (windows-latest)	Build with the ordinary command and default Node heap	2026-10-04T06:04:58.8879525Z ├ ƒ /api/telemetry/daily-active
Production build (windows-latest)	Build with the ordinary command and default Node heap	2026-10-04T06:04:58.8879829Z ├ ƒ /api/tickets
Production build (windows-latest)	Build with the ordinary command and default Node heap	2026-10-04T06:04:58.8880107Z ├ ƒ /api/tickets/[id]
Production build (windows-latest)	Build with the ordinary command and default Node heap	2026-10-04T06:04:58.8880407Z ├ ƒ /api/transcription
Production build (windows-latest)	Build with the ordinary command and default Node heap	2026-10-04T06:04:58.8880680Z ├ ƒ /api/update
Production build (windows-latest)	Build with the ordinary command and default Node heap	2026-10-04T06:04:58.8880924Z ├ ƒ /api/waves
Production build (windows-latest)	Build with the ordinary command and default Node heap	2026-10-04T06:04:58.8881230Z ├ ƒ /api/webhooks/[id]
Production build (windows-latest)	Build with the ordinary command and default Node heap	2026-10-04T06:04:58.8881531Z ├ ƒ /api/worker/status
Production build (windows-latest)	Build with the ordinary command and default Node heap	2026-10-04T06:04:58.8881819Z ├ ƒ /api/workspaces
Production build (windows-latest)	Build with the ordinary command and default Node heap	2026-10-04T06:04:58.8882111Z ├ ○ /automation/triggers
Production build (windows-latest)	Build with the ordinary command and default Node heap	2026-10-04T06:04:58.8882720Z ├ ○ /automation/waves
Production build (windows-latest)	Build with the ordinary command and default Node heap	2026-10-04T06:04:58.8882981Z ├ ○ /chain-chat
Production build (windows-latest)	Build with the ordinary command and default Node heap	2026-10-04T06:04:58.8883175Z ├ ○ /chat
Production build (windows-latest)	Build with the ordinary command and default Node heap	2026-10-04T06:04:58.8883467Z ├ ○ /docs
Production build (windows-latest)	Build with the ordinary command and default Node heap	2026-10-04T06:04:58.8883715Z ├ ○ /executions
Production build (windows-latest)	Build with the ordinary command and default Node heap	2026-10-04T06:04:58.8883971Z ├ ○ /flows
Production build (windows-latest)	Build with the ordinary command and default Node heap	2026-10-04T06:04:58.8884219Z ├ ○ /mcp
Production build (windows-latest)	Build with the ordinary command and default Node heap	2026-10-04T06:04:58.8884473Z ├ ƒ /mcp-flows
Production build (windows-latest)	Build with the ordinary command and default Node heap	2026-10-04T06:04:58.8884750Z ├ ƒ /mcp-proxy/[server]
Production build (windows-latest)	Build with the ordinary command and default Node heap	2026-10-04T06:04:58.8885026Z ├ ○ /meetings
Production build (windows-latest)	Build with the ordinary command and default Node heap	2026-10-04T06:04:58.8885449Z ├ ƒ /models
Production build (windows-latest)	Build with the ordinary command and default Node heap	2026-10-04T06:04:58.8885688Z ├ ○ /packages
Production build (windows-latest)	Build with the ordinary command and default Node heap	2026-10-04T06:04:58.8885932Z ├ ○ /personas
Production build (windows-latest)	Build with the ordinary command and default Node heap	2026-10-04T06:04:58.8886198Z ├ ƒ /personas/[personaId]
Production build (windows-latest)	Build with the ordinary command and default Node heap	2026-10-04T06:04:58.8886477Z ├ ○ /roles
Production build (windows-latest)	Build with the ordinary command and default Node heap	2026-10-04T06:04:58.8886742Z ├ ƒ /roles/[roleId]
Production build (windows-latest)	Build with the ordinary command and default Node heap	2026-10-04T06:04:58.8887059Z ├ ƒ /roles/[roleId]/edit
Production build (windows-latest)	Build with the ordinary command and default Node heap	2026-10-04T06:04:58.8887424Z ├ ○ /roles/new
Production build (windows-latest)	Build with the ordinary command and default Node heap	2026-10-04T06:04:58.8887833Z ├ ○ /settings
Production build (windows-latest)	Build with the ordinary command and default Node heap	2026-10-04T06:04:58.8888109Z ├ ○ /statistics
Production build (windows-latest)	Build with the ordinary command and default Node heap	2026-10-04T06:04:58.8888397Z ├ ƒ /v1/chat/completions
Production build (windows-latest)	Build with the ordinary command and default Node heap	2026-10-04T06:04:58.8888747Z ├ ƒ /v1/chat/conversation-chains
Production build (windows-latest)	Build with the ordinary command and default Node heap	2026-10-04T06:04:58.8889094Z ├ ƒ /v1/chat/conversations
Production build (windows-latest)	Build with the ordinary command and default Node heap	2026-10-04T06:04:58.8889518Z ├ ƒ /v1/chat/conversations/[conversationId]
Production build (windows-latest)	Build with the ordinary command and default Node heap	2026-10-04T06:04:58.8890033Z ├ ƒ /v1/chat/conversations/[conversationId]/breakpoints
Production build (windows-latest)	Build with the ordinary command and default Node heap	2026-10-04T06:04:58.8890531Z ├ ƒ /v1/chat/conversations/[conversationId]/cancel
Production build (windows-latest)	Build with the ordinary command and default Node heap	2026-10-04T06:04:58.8891016Z ├ ƒ /v1/chat/conversations/[conversationId]/debug/attach
Production build (windows-latest)	Build with the ordinary command and default Node heap	2026-10-04T06:04:58.8891523Z ├ ƒ /v1/chat/conversations/[conversationId]/debug/continue
Production build (windows-latest)	Build with the ordinary command and default Node heap	2026-10-04T06:04:58.8892030Z ├ ƒ /v1/chat/conversations/[conversationId]/debug/state
Production build (windows-latest)	Build with the ordinary command and default Node heap	2026-10-04T06:04:58.8892542Z ├ ƒ /v1/chat/conversations/[conversationId]/debug/step
Production build (windows-latest)	Build with the ordinary command and default Node heap	2026-10-04T06:04:58.8893020Z ├ ƒ /v1/chat/conversations/[conversationId]/edit-state
Production build (windows-latest)	Build with the ordinary command and default Node heap	2026-10-04T06:04:58.8893464Z ├ ƒ /v1/chat/conversations/[conversationId]/events
Production build (windows-latest)	Build with the ordinary command and default Node heap	2026-10-04T06:04:58.8893923Z ├ ƒ /v1/chat/conversations/[conversationId]/inject
Production build (windows-latest)	Build with the ordinary command and default Node heap	2026-10-04T06:04:58.8894388Z ├ ƒ /v1/chat/conversations/[conversationId]/model-turns
Production build (windows-latest)	Build with the ordinary command and default Node heap	2026-10-04T06:04:58.8894910Z ├ ƒ /v1/chat/conversations/[conversationId]/model-turns/[dispatchId]
Production build (windows-latest)	Build with the ordinary command and default Node heap	2026-10-04T06:04:58.8895614Z ├ ƒ /v1/chat/conversations/[conversationId]/model-turns/[dispatchId]/media/[mediaId]
Production build (windows-latest)	Build with the ordinary command and default Node heap	2026-10-04T06:04:58.8896225Z ├ ƒ /v1/chat/conversations/[conversationId]/recovery
Production build (windows-latest)	Build with the ordinary command and default Node heap	2026-10-04T06:04:58.8896702Z ├ ƒ /v1/chat/conversations/[conversationId]/resources
Production build (windows-latest)	Build with the ordinary command and default Node heap	2026-10-04T06:04:58.8897253Z ├ ƒ /v1/chat/conversations/[conversationId]/resources/[resourceId]/content
Production build (windows-latest)	Build with the ordinary command and default Node heap	2026-10-04T06:04:58.8897817Z ├ ƒ /v1/chat/conversations/[conversationId]/respond
Production build (windows-latest)	Build with the ordinary command and default Node heap	2026-10-04T06:04:58.8898305Z ├ ƒ /v1/chat/conversations/[conversationId]/revert
Production build (windows-latest)	Build with the ordinary command and default Node heap	2026-10-04T06:04:58.8898790Z ├ ƒ /v1/chat/conversations/[conversationId]/wire-preview
Production build (windows-latest)	Build with the ordinary command and default Node heap	2026-10-04T06:04:58.8899189Z ├ ƒ /v1/chat/events
Production build (windows-latest)	Build with the ordinary command and default Node heap	2026-10-04T06:04:58.8899516Z ├ ƒ /v1/flows/[flowRef]/readiness
Production build (windows-latest)	Build with the ordinary command and default Node heap	2026-10-04T06:04:58.8899830Z ├ ƒ /v1/meetings
Production build (windows-latest)	Build with the ordinary command and default Node heap	2026-10-04T06:04:58.8900403Z ├ ƒ /v1/meetings/[meetingId]
Production build (windows-latest)	Build with the ordinary command and default Node heap	2026-10-04T06:04:58.8900788Z ├ ƒ /v1/meetings/[meetingId]/cancel
Production build (windows-latest)	Build with the ordinary command and default Node heap	2026-10-04T06:04:58.8901139Z ├ ƒ /v1/meetings/[meetingId]/events
Production build (windows-latest)	Build with the ordinary command and default Node heap	2026-10-04T06:04:58.8901535Z ├ ƒ /v1/meetings/[meetingId]/interventions
Production build (windows-latest)	Build with the ordinary command and default Node heap	2026-10-04T06:04:58.8901947Z ├ ƒ /v1/meetings/[meetingId]/private-notes
Production build (windows-latest)	Build with the ordinary command and default Node heap	2026-10-04T06:04:58.8903477Z ├ ƒ /v1/meetings/[meetingId]/resume
Production build (windows-latest)	Build with the ordinary command and default Node heap	2026-10-04T06:04:58.8903823Z ├ ƒ /v1/meetings/[meetingId]/start
Production build (windows-latest)	Build with the ordinary command and default Node heap	2026-10-04T06:04:58.8904182Z ├ ƒ /v1/models
Production build (windows-latest)	Build with the ordinary command and default Node heap	2026-10-04T06:04:58.8904467Z ├ ƒ /v1/persona-drafts
Production build (windows-latest)	Build with the ordinary command and default Node heap	2026-10-04T06:04:58.8904789Z ├ ƒ /v1/persona-drafts/[draftId]
Production build (windows-latest)	Build with the ordinary command and default Node heap	2026-10-04T06:04:58.8905123Z ├ ƒ /v1/personas
Production build (windows-latest)	Build with the ordinary command and default Node heap	2026-10-04T06:04:58.8905450Z ├ ƒ /v1/personas/[personaId]
Production build (windows-latest)	Build with the ordinary command and default Node heap	2026-10-04T06:04:58.8905833Z ├ ƒ /v1/personas/[personaId]/app-grants
Production build (windows-latest)	Build with the ordinary command and default Node heap	2026-10-04T06:04:58.8906281Z ├ ƒ /v1/personas/[personaId]/app-grants/[grantId]
Production build (windows-latest)	Build with the ordinary command and default Node heap	2026-10-04T06:04:58.8906840Z ├ ƒ /v1/personas/[personaId]/app-grants/[grantId]/launch
Production build (windows-latest)	Build with the ordinary command and default Node heap	2026-10-04T06:04:58.8907389Z ├ ƒ /v1/personas/[personaId]/behaviors/[behaviorId]/activate
Production build (windows-latest)	Build with the ordinary command and default Node heap	2026-10-04T06:04:58.8907833Z ├ ƒ /v1/personas/[personaId]/composition
Production build (windows-latest)	Build with the ordinary command and default Node heap	2026-10-04T06:04:58.8908240Z ├ ƒ /v1/personas/[personaId]/composition/behaviors
Production build (windows-latest)	Build with the ordinary command and default Node heap	2026-10-04T06:04:58.8908685Z ├ ƒ /v1/personas/[personaId]/composition/copy
Production build (windows-latest)	Build with the ordinary command and default Node heap	2026-10-04T06:04:58.8909125Z ├ ƒ /v1/personas/[personaId]/deletion-preview
Production build (windows-latest)	Build with the ordinary command and default Node heap	2026-10-04T06:04:58.8909576Z ├ ƒ /v1/personas/[personaId]/execution-preview
Production build (windows-latest)	Build with the ordinary command and default Node heap	2026-10-04T06:04:58.8909982Z ├ ƒ /v1/personas/[personaId]/export
Production build (windows-latest)	Build with the ordinary command and default Node heap	2026-10-04T06:04:58.8910337Z ├ ƒ /v1/personas/[personaId]/export-preview
Production build (windows-latest)	Build with the ordinary command and default Node heap	2026-10-04T06:04:58.8910730Z ├ ƒ /v1/personas/[personaId]/improvements
Production build (windows-latest)	Build with the ordinary command and default Node heap	2026-10-04T06:04:58.8911373Z ├ ƒ /v1/personas/[personaId]/improvements/[proposalId]/apply
Production build (windows-latest)	Build with the ordinary command and default Node heap	2026-10-04T06:04:58.8911916Z ├ ƒ /v1/personas/[personaId]/improvements/[proposalId]/promote
Production build (windows-latest)	Build with the ordinary command and default Node heap	2026-10-04T06:04:58.8912455Z ├ ƒ /v1/personas/[personaId]/improvements/[proposalId]/reject
Production build (windows-latest)	Build with the ordinary command and default Node heap	2026-10-04T06:04:58.8912985Z ├ ƒ /v1/personas/[personaId]/improvements/[proposalId]/undo
Production build (windows-latest)	Build with the ordinary command and default Node heap	2026-10-04T06:04:58.8913464Z ├ ƒ /v1/personas/[personaId]/memories
Production build (windows-latest)	Build with the ordinary command and default Node heap	2026-10-04T06:04:58.8913886Z ├ ƒ /v1/personas/[personaId]/memories/[memoryId]
Production build (windows-latest)	Build with the ordinary command and default Node heap	2026-10-04T06:04:58.8914357Z ├ ƒ /v1/personas/[personaId]/memories/[memoryId]/activate
Production build (windows-latest)	Build with the ordinary command and default Node heap	2026-10-04T06:04:58.8914855Z ├ ƒ /v1/personas/[personaId]/memories/[memoryId]/correct
Production build (windows-latest)	Build with the ordinary command and default Node heap	2026-10-04T06:04:58.8915325Z ├ ƒ /v1/personas/[personaId]/memories/[memoryId]/pin
Production build (windows-latest)	Build with the ordinary command and default Node heap	2026-10-04T06:04:58.8916297Z ├ ƒ /v1/personas/[personaId]/memories/[memoryId]/resolve-conflict
Production build (windows-latest)	Build with the ordinary command and default Node heap	2026-10-04T06:04:58.8916787Z ├ ƒ /v1/personas/[personaId]/runtime-recovery
Production build (windows-latest)	Build with the ordinary command and default Node heap	2026-10-04T06:04:58.8917204Z ├ ƒ /v1/personas/[personaId]/storage-stats
Production build (windows-latest)	Build with the ordinary command and default Node heap	2026-10-04T06:04:58.8917625Z ├ ƒ /v1/personas/[personaId]/work-items
Production build (windows-latest)	Build with the ordinary command and default Node heap	2026-10-04T06:04:58.8918052Z ├ ƒ /v1/personas/[personaId]/work-items/[workItemId]
Production build (windows-latest)	Build with the ordinary command and default Node heap	2026-10-04T06:04:58.8918550Z ├ ƒ /v1/personas/[personaId]/work-items/[workItemId]/assign
Production build (windows-latest)	Build with the ordinary command and default Node heap	2026-10-04T06:04:58.8919327Z ├ ƒ /v1/personas/[personaId]/work-items/[workItemId]/control
Production build (windows-latest)	Build with the ordinary command and default Node heap	2026-10-04T06:04:58.8919881Z ├ ƒ /v1/personas/[personaId]/work-items/promote-todo
Production build (windows-latest)	Build with the ordinary command and default Node heap	2026-10-04T06:04:58.8920464Z ├ ƒ /v1/personas/readiness
Production build (windows-latest)	Build with the ordinary command and default Node heap	2026-10-04T06:04:58.8920838Z ├ ƒ /v1/personas/settings-options
Production build (windows-latest)	Build with the ordinary command and default Node heap	2026-10-04T06:04:58.8921179Z ├ ƒ /v1/personas/summary
Production build (windows-latest)	Build with the ordinary command and default Node heap	2026-10-04T06:04:58.8921458Z ├ ƒ /v1/roles
Production build (windows-latest)	Build with the ordinary command and default Node heap	2026-10-04T06:04:58.8921728Z ├ ƒ /v1/roles/[roleId]
Production build (windows-latest)	Build with the ordinary command and default Node heap	2026-10-04T06:04:58.8922091Z ├ ƒ /v1/roles/[roleId]/duplicate
Production build (windows-latest)	Build with the ordinary command and default Node heap	2026-10-04T06:04:58.8922422Z ├ ƒ /v1/roles/[roleId]/impact
Production build (windows-latest)	Build with the ordinary command and default Node heap	2026-10-04T06:04:58.8922755Z ├ ƒ /v1/roles/[roleId]/restore
Production build (windows-latest)	Build with the ordinary command and default Node heap	2026-10-04T06:04:58.8923103Z ├ ƒ /v1/roles/[roleId]/rollback
Production build (windows-latest)	Build with the ordinary command and default Node heap	2026-10-04T06:04:58.8923451Z ├ ƒ /v1/roles/[roleId]/versions
Production build (windows-latest)	Build with the ordinary command and default Node heap	2026-10-04T06:04:58.8923774Z ├ ƒ /v1/tasks/[taskId]
Production build (windows-latest)	Build with the ordinary command and default Node heap	2026-10-04T06:04:58.8924334Z ├ ○ /waves
Production build (windows-latest)	Build with the ordinary command and default Node heap	2026-10-04T06:04:58.8924593Z └ ○ /world
Production build (windows-latest)	Build with the ordinary command and default Node heap	2026-10-04T06:04:58.8924708Z 
Production build (windows-latest)	Build with the ordinary command and default Node heap	2026-10-04T06:04:58.8924717Z 
Production build (windows-latest)	Build with the ordinary command and default Node heap	2026-10-04T06:04:58.8924893Z ƒ Proxy (Middleware)
Production build (windows-latest)	Build with the ordinary command and default Node heap	2026-10-04T06:04:58.8925084Z 
Production build (windows-latest)	Build with the ordinary command and default Node heap	2026-10-04T06:04:58.8925283Z ○  (Static)   prerendered as static content
Production build (windows-latest)	Build with the ordinary command and default Node heap	2026-10-04T06:04:58.8925714Z ƒ  (Dynamic)  server-rendered on demand
Production build (windows-latest)	Build with the ordinary command and default Node heap	2026-10-04T06:04:58.8925919Z 
Production build (windows-latest)	Run actions/setup-node@49933ea5288caeca8642d1e84afbd3f7d6820020	﻿2026-10-04T06:04:59.0326477Z ##[group]Run actions/setup-node@49933ea5288caeca8642d1e84afbd3f7d6820020
Production build (windows-latest)	Run actions/setup-node@49933ea5288caeca8642d1e84afbd3f7d6820020	2026-10-04T06:04:59.0326939Z with:
Production build (windows-latest)	Run actions/setup-node@49933ea5288caeca8642d1e84afbd3f7d6820020	2026-10-04T06:04:59.0327167Z   node-version: 22.17.0
Production build (windows-latest)	Run actions/setup-node@49933ea5288caeca8642d1e84afbd3f7d6820020	2026-10-04T06:04:59.0327377Z   cache: npm
Production build (windows-latest)	Run actions/setup-node@49933ea5288caeca8642d1e84afbd3f7d6820020	2026-10-04T06:04:59.0327553Z   always-auth: false
Production build (windows-latest)	Run actions/setup-node@49933ea5288caeca8642d1e84afbd3f7d6820020	2026-10-04T06:04:59.0327970Z   check-latest: false
Production build (windows-latest)	Run actions/setup-node@49933ea5288caeca8642d1e84afbd3f7d6820020	2026-10-04T06:04:59.0330459Z   token: ***
Production build (windows-latest)	Run actions/setup-node@49933ea5288caeca8642d1e84afbd3f7d6820020	2026-10-04T06:04:59.0330645Z ##[endgroup]
Production build (windows-latest)	Run actions/setup-node@49933ea5288caeca8642d1e84afbd3f7d6820020	2026-10-04T06:04:59.2414792Z Attempting to download 22.17.0...
Production build (windows-latest)	Run actions/setup-node@49933ea5288caeca8642d1e84afbd3f7d6820020	2026-10-04T06:04:59.2606564Z (node:3156) [DEP0040] DeprecationWarning: The `punycode` module is deprecated. Please use a userland alternative instead.
Production build (windows-latest)	Run actions/setup-node@49933ea5288caeca8642d1e84afbd3f7d6820020	2026-10-04T06:04:59.2608619Z (Use `node --trace-deprecation ...` to show where the warning was created)
Production build (windows-latest)	Run actions/setup-node@49933ea5288caeca8642d1e84afbd3f7d6820020	2026-10-04T06:05:00.0173843Z Acquiring 22.17.0 - x64 from https://github.com/actions/node-versions/releases/download/22.17.0-15866718879/node-22.17.0-win32-x64.7z
Production build (windows-latest)	Run actions/setup-node@49933ea5288caeca8642d1e84afbd3f7d6820020	2026-10-04T06:05:00.4504928Z Extracting ...
Production build (windows-latest)	Run actions/setup-node@49933ea5288caeca8642d1e84afbd3f7d6820020	2026-10-04T06:05:03.0244676Z Adding to the cache ...
Production build (windows-latest)	Run actions/setup-node@49933ea5288caeca8642d1e84afbd3f7d6820020	2026-10-04T06:05:07.7823736Z ##[group]Environment details
Production build (windows-latest)	Run actions/setup-node@49933ea5288caeca8642d1e84afbd3f7d6820020	2026-10-04T06:05:08.6271142Z node: v22.17.0
Production build (windows-latest)	Run actions/setup-node@49933ea5288caeca8642d1e84afbd3f7d6820020	2026-10-04T06:05:08.6271740Z npm: 10.9.2
Production build (windows-latest)	Run actions/setup-node@49933ea5288caeca8642d1e84afbd3f7d6820020	2026-10-04T06:05:08.6272056Z yarn: 1.22.22
Production build (windows-latest)	Run actions/setup-node@49933ea5288caeca8642d1e84afbd3f7d6820020	2026-10-04T06:05:08.6272873Z ##[endgroup]
Production build (windows-latest)	Run actions/setup-node@49933ea5288caeca8642d1e84afbd3f7d6820020	2026-10-04T06:05:08.7043601Z [command]C:\Windows\system32\cmd.exe /D /S /C "C:\hostedtoolcache\windows\node\22.17.0\x64\npm.cmd config get cache"
Production build (windows-latest)	Run actions/setup-node@49933ea5288caeca8642d1e84afbd3f7d6820020	2026-10-04T06:05:09.0313611Z C:\npm\cache
Production build (windows-latest)	Run actions/setup-node@49933ea5288caeca8642d1e84afbd3f7d6820020	2026-10-04T06:05:09.2824778Z Cache hit for: node-cache-Windows-x64-npm-9d7b03f918b998623827b00dabde5cdd886120be55b94bedb416cf54e8fb989e
Production build (windows-latest)	Run actions/setup-node@49933ea5288caeca8642d1e84afbd3f7d6820020	2026-10-04T06:05:09.2941313Z (node:3156) [DEP0169] DeprecationWarning: `url.parse()` behavior is not standardized and prone to errors that have security implications. Use the WHATWG URL API instead. CVEs are not issued for `url.parse()` vulnerabilities.
Production build (windows-latest)	Run actions/setup-node@49933ea5288caeca8642d1e84afbd3f7d6820020	2026-10-04T06:05:10.3977839Z Received 134217728 of 397036424 (33.8%), 127.5 MBs/sec
Production build (windows-latest)	Run actions/setup-node@49933ea5288caeca8642d1e84afbd3f7d6820020	2026-10-04T06:05:11.4123034Z Received 331350016 of 397036424 (83.5%), 156.4 MBs/sec
Production build (windows-latest)	Run actions/setup-node@49933ea5288caeca8642d1e84afbd3f7d6820020	2026-10-04T06:05:11.8436061Z Received 397036424 of 397036424 (100.0%), 154.5 MBs/sec
Production build (windows-latest)	Run actions/setup-node@49933ea5288caeca8642d1e84afbd3f7d6820020	2026-10-04T06:05:11.8439704Z Cache Size: ~379 MB (397036424 B)
Production build (windows-latest)	Run actions/setup-node@49933ea5288caeca8642d1e84afbd3f7d6820020	2026-10-04T06:05:11.8526647Z [command]"C:\Program Files\Git\usr\bin\tar.exe" -xf D:/a/_temp/6e847412-dcdd-4607-b030-d7965cab8c12/cache.tzst -P -C D:/a/FLUJO/FLUJO --force-local --use-compress-program "zstd -d"
Production build (windows-latest)	Run actions/setup-node@49933ea5288caeca8642d1e84afbd3f7d6820020	2026-10-04T06:05:18.5993968Z Cache restored successfully
Production build (windows-latest)	Run actions/setup-node@49933ea5288caeca8642d1e84afbd3f7d6820020	2026-10-04T06:05:18.6264229Z Cache restored from key: node-cache-Windows-x64-npm-9d7b03f918b998623827b00dabde5cdd886120be55b94bedb416cf54e8fb989e
Production build (windows-latest)	Verify exact official Node runtime	﻿2026-10-04T06:05:18.6692656Z ##[group]Run node scripts/verify-ci-node.mjs 22.17.0 --record
Production build (windows-latest)	Verify exact official Node runtime	2026-10-04T06:05:18.6693252Z ^[[36;1mnode scripts/verify-ci-node.mjs 22.17.0 --record^[[0m
Production build (windows-latest)	Verify exact official Node runtime	2026-10-04T06:05:18.6773382Z shell: C:\Program Files\PowerShell\7\pwsh.EXE -command ". '{0}'"
Production build (windows-latest)	Verify exact official Node runtime	2026-10-04T06:05:18.6773759Z ##[endgroup]
Production build (windows-latest)	Verify exact official Node runtime	2026-10-04T06:05:19.2782355Z {
Production build (windows-latest)	Verify exact official Node runtime	2026-10-04T06:05:19.2782672Z   "schemaVersion": 1,
Production build (windows-latest)	Verify exact official Node runtime	2026-10-04T06:05:19.2783034Z   "measuredAt": "2026-10-04T06:05:19.178Z",
Production build (windows-latest)	Verify exact official Node runtime	2026-10-04T06:05:19.2783360Z   "expectedVersion": "22.17.0",
Production build (windows-latest)	Verify exact official Node runtime	2026-10-04T06:05:19.2783608Z   "node": "22.17.0",
Production build (windows-latest)	Verify exact official Node runtime	2026-10-04T06:05:19.2783820Z   "libuv": "1.51.0",
Production build (windows-latest)	Verify exact official Node runtime	2026-10-04T06:05:19.2784033Z   "platform": "win32",
Production build (windows-latest)	Verify exact official Node runtime	2026-10-04T06:05:19.2784248Z   "architecture": "x64",
Production build (windows-latest)	Verify exact official Node runtime	2026-10-04T06:05:19.2784491Z   "osRelease": "10.0.26100",
Production build (windows-latest)	Verify exact official Node runtime	2026-10-04T06:05:19.2784975Z   "executableSha256": "39d45b5933f339d3ebdebd76474893dab5d7da1038920f65cf5bbcf0f20f3636",
Production build (windows-latest)	Verify exact official Node runtime	2026-10-04T06:05:19.2785781Z   "qualificationScope": "official CI runtime binary identity; installed application acceptance requires separate checks",
Production build (windows-latest)	Verify exact official Node runtime	2026-10-04T06:05:19.2787443Z   "signedChecksumsSha256": "7519fede70def5e5afa6f723762341a6a7832a6459226f7a1619c683ff1155c4",
Production build (windows-latest)	Verify exact official Node runtime	2026-10-04T06:05:19.2788104Z   "signingFingerprint": "C0D6248439F1D5604AAFFB4021D900FFDB233756",
Production build (windows-latest)	Verify exact official Node runtime	2026-10-04T06:05:19.2788614Z   "sourceSha": "a5d11370e7a52d6ac92c82accb91fbce87784dd6",
Production build (windows-latest)	Verify exact official Node runtime	2026-10-04T06:05:19.2788945Z   "sourceTreeDirty": false,
Production build (windows-latest)	Verify exact official Node runtime	2026-10-04T06:05:19.2789381Z   "verifierSha256": "9a7b5e2b971454cc59bb8d03b6fc77a3ec8b0be1ef155f817709cb0b8690399a",
Production build (windows-latest)	Verify exact official Node runtime	2026-10-04T06:05:19.2790062Z   "binaryManifestSha256": "c143d1f9fcef870edb7bdb189717a4a92c0486764841aa724e7505c7e42bff9a",
Production build (windows-latest)	Verify exact official Node runtime	2026-10-04T06:05:19.2790771Z   "canonicalGuardSha256": "b3fde29811a79a880f84c95511b33e9dbd3e41ff38e8cafc89b0dad350ebeaba"
Production build (windows-latest)	Verify exact official Node runtime	2026-10-04T06:05:19.2791493Z }
Production build (windows-latest)	Qualify installed app and packed MCP packages on Node 22.17.0	﻿2026-10-04T06:05:19.4094108Z ##[group]Run set -euo pipefail
Production build (windows-latest)	Qualify installed app and packed MCP packages on Node 22.17.0	2026-10-04T06:05:19.4094522Z ^[[36;1mset -euo pipefail^[[0m
Production build (windows-latest)	Qualify installed app and packed MCP packages on Node 22.17.0	2026-10-04T06:05:19.4094773Z ^[[36;1mnpm ci --include=dev^[[0m
Production build (windows-latest)	Qualify installed app and packed MCP packages on Node 22.17.0	2026-10-04T06:05:19.4095004Z ^[[36;1mnpm run build^[[0m
Production build (windows-latest)	Qualify installed app and packed MCP packages on Node 22.17.0	2026-10-04T06:05:19.4095219Z ^[[36;1mnpm run typecheck:mcp^[[0m
Production build (windows-latest)	Qualify installed app and packed MCP packages on Node 22.17.0	2026-10-04T06:05:19.4095455Z ^[[36;1mnpm run validate:mcp-release^[[0m
Production build (windows-latest)	Qualify installed app and packed MCP packages on Node 22.17.0	2026-10-04T06:05:19.4095718Z ^[[36;1mnpm run smoke:mcp-artifacts^[[0m
Production build (windows-latest)	Qualify installed app and packed MCP packages on Node 22.17.0	2026-10-04T06:05:19.4114547Z shell: C:\Program Files\Git\bin\bash.EXE --noprofile --norc -e -o pipefail {0}
Production build (windows-latest)	Qualify installed app and packed MCP packages on Node 22.17.0	2026-10-04T06:05:19.4114965Z ##[endgroup]
Production build (windows-latest)	Qualify installed app and packed MCP packages on Node 22.17.0	2026-10-04T06:05:41.9042433Z npm warn deprecated inflight@1.0.6: This module is not supported, and leaks memory. Do not use it. Check out lru-cache if you want a good and tested way to coalesce async requests by a key value, which is much more comprehensive and powerful.
Production build (windows-latest)	Qualify installed app and packed MCP packages on Node 22.17.0	2026-10-04T06:05:42.4811817Z npm warn deprecated whatwg-encoding@3.1.1: Use @exodus/bytes instead for a more spec-conformant and faster implementation
Production build (windows-latest)	Qualify installed app and packed MCP packages on Node 22.17.0	2026-10-04T06:05:42.6665798Z npm warn deprecated glob@7.2.3: Old versions of glob are not supported, and contain widely publicized security vulnerabilities, which have been fixed in the current version. Please update. Support for old versions may be purchased (at exorbitant rates) by contacting i@izs.me
Production build (windows-latest)	Qualify installed app and packed MCP packages on Node 22.17.0	2026-10-04T06:05:45.3710605Z npm warn deprecated node-domexception@1.0.0: Use your platform's native DOMException instead
Production build (windows-latest)	Qualify installed app and packed MCP packages on Node 22.17.0	2026-10-04T06:05:46.4955071Z npm warn deprecated glob@10.5.0: Old versions of glob are not supported, and contain widely publicized security vulnerabilities, which have been fixed in the current version. Please update. Support for old versions may be purchased (at exorbitant rates) by contacting i@izs.me
Production build (windows-latest)	Qualify installed app and packed MCP packages on Node 22.17.0	2026-10-04T06:06:19.4937382Z 
Production build (windows-latest)	Qualify installed app and packed MCP packages on Node 22.17.0	2026-10-04T06:06:19.4938034Z added 1338 packages, and audited 1345 packages in 59s
Production build (windows-latest)	Qualify installed app and packed MCP packages on Node 22.17.0	2026-10-04T06:06:19.4938919Z 
Production build (windows-latest)	Qualify installed app and packed MCP packages on Node 22.17.0	2026-10-04T06:06:19.4939484Z 446 packages are looking for funding
Production build (windows-latest)	Qualify installed app and packed MCP packages on Node 22.17.0	2026-10-04T06:06:19.4940282Z   run `npm fund` for details
Production build (windows-latest)	Qualify installed app and packed MCP packages on Node 22.17.0	2026-10-04T06:06:19.4956242Z 
Production build (windows-latest)	Qualify installed app and packed MCP packages on Node 22.17.0	2026-10-04T06:06:19.4956479Z found 0 vulnerabilities
Production build (windows-latest)	Qualify installed app and packed MCP packages on Node 22.17.0	2026-10-04T06:06:21.9270172Z 
Production build (windows-latest)	Qualify installed app and packed MCP packages on Node 22.17.0	2026-10-04T06:06:21.9270798Z > flujo-ai@3.46.3 build
Production build (windows-latest)	Qualify installed app and packed MCP packages on Node 22.17.0	2026-10-04T06:06:21.9271949Z > npm run build:mcp && node --require ./scripts/exclude-workspaces-from-next-glob.cjs node_modules/next/dist/bin/next build --webpack
Production build (windows-latest)	Qualify installed app and packed MCP packages on Node 22.17.0	2026-10-04T06:06:21.9272645Z 
Production build (windows-latest)	Qualify installed app and packed MCP packages on Node 22.17.0	2026-10-04T06:06:22.2226647Z 
Production build (windows-latest)	Qualify installed app and packed MCP packages on Node 22.17.0	2026-10-04T06:06:22.2227254Z > flujo-ai@3.46.3 build:mcp
Production build (windows-latest)	Qualify installed app and packed MCP packages on Node 22.17.0	2026-10-04T06:06:22.2228804Z > npm run build -w @flujo-ai/mcp-shared && npm run build -w @mario.andreschak/mcp-filesystem && npm run build -w @mario.andreschak/mcp-bash && npm run build -w @mario.andreschak/mcp-browser && npm run build -w @mario.andreschak/mcp-flujo
Production build (windows-latest)	Qualify installed app and packed MCP packages on Node 22.17.0	2026-10-04T06:06:22.2229958Z 
Production build (windows-latest)	Qualify installed app and packed MCP packages on Node 22.17.0	2026-10-04T06:06:22.5463433Z 
Production build (windows-latest)	Qualify installed app and packed MCP packages on Node 22.17.0	2026-10-04T06:06:22.5464048Z > @flujo-ai/mcp-shared@0.1.0 build
Production build (windows-latest)	Qualify installed app and packed MCP packages on Node 22.17.0	2026-10-04T06:06:22.5464524Z > tsc -p tsconfig.json
Production build (windows-latest)	Qualify installed app and packed MCP packages on Node 22.17.0	2026-10-04T06:06:22.5464710Z 
Production build (windows-latest)	Qualify installed app and packed MCP packages on Node 22.17.0	2026-10-04T06:06:23.9477585Z 
Production build (windows-latest)	Qualify installed app and packed MCP packages on Node 22.17.0	2026-10-04T06:06:23.9478336Z > @mario.andreschak/mcp-filesystem@3.46.3 build
Production build (windows-latest)	Qualify installed app and packed MCP packages on Node 22.17.0	2026-10-04T06:06:23.9479280Z > tsc -p tsconfig.json && node ../embed-shared.mjs filesystem && node ../embed-runtime.mjs filesystem
Production build (windows-latest)	Qualify installed app and packed MCP packages on Node 22.17.0	2026-10-04T06:06:23.9479815Z 
Production build (windows-latest)	Qualify installed app and packed MCP packages on Node 22.17.0	2026-10-04T06:06:26.7078363Z 
Production build (windows-latest)	Qualify installed app and packed MCP packages on Node 22.17.0	2026-10-04T06:06:26.7079189Z > @mario.andreschak/mcp-bash@3.46.3 build
Production build (windows-latest)	Qualify installed app and packed MCP packages on Node 22.17.0	2026-10-04T06:06:26.7080142Z > tsc -p tsconfig.json && node ../embed-shared.mjs bash && node ../embed-runtime.mjs bash
Production build (windows-latest)	Qualify installed app and packed MCP packages on Node 22.17.0	2026-10-04T06:06:26.7080609Z 
Production build (windows-latest)	Qualify installed app and packed MCP packages on Node 22.17.0	2026-10-04T06:06:29.4623487Z 
Production build (windows-latest)	Qualify installed app and packed MCP packages on Node 22.17.0	2026-10-04T06:06:29.4624373Z > @mario.andreschak/mcp-browser@3.46.3 build
Production build (windows-latest)	Qualify installed app and packed MCP packages on Node 22.17.0	2026-10-04T06:06:29.4625222Z > tsc -p tsconfig.json && node ../embed-runtime.mjs browser
Production build (windows-latest)	Qualify installed app and packed MCP packages on Node 22.17.0	2026-10-04T06:06:29.4625673Z 
Production build (windows-latest)	Qualify installed app and packed MCP packages on Node 22.17.0	2026-10-04T06:06:32.8241730Z 
Production build (windows-latest)	Qualify installed app and packed MCP packages on Node 22.17.0	2026-10-04T06:06:32.8242472Z > @mario.andreschak/mcp-flujo@3.46.3 build
Production build (windows-latest)	Qualify installed app and packed MCP packages on Node 22.17.0	2026-10-04T06:06:32.8243154Z > tsc -p tsconfig.json && node ../embed-runtime.mjs flujo
Production build (windows-latest)	Qualify installed app and packed MCP packages on Node 22.17.0	2026-10-04T06:06:32.8243427Z 
Production build (windows-latest)	Qualify installed app and packed MCP packages on Node 22.17.0	2026-10-04T06:06:35.3019447Z ▲ Next.js 16.3.8 (webpack)
Production build (windows-latest)	Qualify installed app and packed MCP packages on Node 22.17.0	2026-10-04T06:06:35.3381510Z ✓ Running next.config.mjs took 35ms
Production build (windows-latest)	Qualify installed app and packed MCP packages on Node 22.17.0	2026-10-04T06:06:35.6655619Z - Experiments (use with caution):
Production build (windows-latest)	Qualify installed app and packed MCP packages on Node 22.17.0	2026-10-04T06:06:35.6660213Z   · proxyClientMaxBodySize: "100mb"
Production build (windows-latest)	Qualify installed app and packed MCP packages on Node 22.17.0	2026-10-04T06:06:35.6660844Z   ✓ webpackBuildWorker
Production build (windows-latest)	Qualify installed app and packed MCP packages on Node 22.17.0	2026-10-04T06:06:35.6661414Z   ✓ webpackMemoryOptimizations
Production build (windows-latest)	Qualify installed app and packed MCP packages on Node 22.17.0	2026-10-04T06:06:35.6662015Z 
Production build (windows-latest)	Qualify installed app and packed MCP packages on Node 22.17.0	2026-10-04T06:06:35.7814474Z   Creating an optimized production build ...
Production build (windows-latest)	Qualify installed app and packed MCP packages on Node 22.17.0	2026-10-04T06:06:36.7642676Z   Using tsconfig file: tsconfig.build.json
Production build (windows-latest)	Qualify installed app and packed MCP packages on Node 22.17.0	2026-10-04T06:07:58.9637371Z   Using tsconfig file: tsconfig.build.json
Production build (windows-latest)	Qualify installed app and packed MCP packages on Node 22.17.0	2026-10-04T06:08:00.7767167Z   Using tsconfig file: tsconfig.build.json
Production build (windows-latest)	Qualify installed app and packed MCP packages on Node 22.17.0	2026-10-04T06:08:21.5504658Z ✓ Compiled successfully in 101s
Production build (windows-latest)	Qualify installed app and packed MCP packages on Node 22.17.0	2026-10-04T06:08:21.5655071Z   Running TypeScript ...
Production build (windows-latest)	Qualify installed app and packed MCP packages on Node 22.17.0	2026-10-04T06:08:29.5774840Z   Finished TypeScript in 8.0s ...
Production build (windows-latest)	Qualify installed app and packed MCP packages on Node 22.17.0	2026-10-04T06:08:29.5836732Z   Collecting page data using 3 workers ...
Production build (windows-latest)	Qualify installed app and packed MCP packages on Node 22.17.0	2026-10-04T06:08:38.0455003Z   Generating static pages using 3 workers (0/122) ...
Production build (windows-latest)	Qualify installed app and packed MCP packages on Node 22.17.0	2026-10-04T06:08:49.9421632Z   Generating static pages using 3 workers (30/122) 
Production build (windows-latest)	Qualify installed app and packed MCP packages on Node 22.17.0	2026-10-04T06:08:52.3764150Z   Generating static pages using 3 workers (60/122) 
Production build (windows-latest)	Qualify installed app and packed MCP packages on Node 22.17.0	2026-10-04T06:08:54.2904439Z   Generating static pages using 3 workers (91/122) 
Production build (windows-latest)	Qualify installed app and packed MCP packages on Node 22.17.0	2026-10-04T06:08:55.9539009Z ✓ Generating static pages using 3 workers (122/122) in 17.9s
Production build (windows-latest)	Qualify installed app and packed MCP packages on Node 22.17.0	2026-10-04T06:08:58.6028208Z   Finalizing page optimization ...
Production build (windows-latest)	Qualify installed app and packed MCP packages on Node 22.17.0	2026-10-04T06:08:58.6028696Z   Collecting build traces ...
Production build (windows-latest)	Qualify installed app and packed MCP packages on Node 22.17.0	2026-10-04T06:09:11.7991044Z 
Production build (windows-latest)	Qualify installed app and packed MCP packages on Node 22.17.0	2026-10-04T06:09:11.8057559Z Route (app)
Production build (windows-latest)	Qualify installed app and packed MCP packages on Node 22.17.0	2026-10-04T06:09:11.8058531Z ┌ ○ /
Production build (windows-latest)	Qualify installed app and packed MCP packages on Node 22.17.0	2026-10-04T06:09:11.8058866Z ├ ○ /_not-found
Production build (windows-latest)	Qualify installed app and packed MCP packages on Node 22.17.0	2026-10-04T06:09:11.8059409Z ├ ƒ /api/approvals
Production build (windows-latest)	Qualify installed app and packed MCP packages on Node 22.17.0	2026-10-04T06:09:11.8059779Z ├ ƒ /api/approvals/[id]
Production build (windows-latest)	Qualify installed app and packed MCP packages on Node 22.17.0	2026-10-04T06:09:11.8060142Z ├ ƒ /api/automation-map
Production build (windows-latest)	Qualify installed app and packed MCP packages on Node 22.17.0	2026-10-04T06:09:11.8060517Z ├ ƒ /api/avatar/[voiceAction]
Production build (windows-latest)	Qualify installed app and packed MCP packages on Node 22.17.0	2026-10-04T06:09:11.8060878Z ├ ƒ /api/avatar/connections
Production build (windows-latest)	Qualify installed app and packed MCP packages on Node 22.17.0	2026-10-04T06:09:11.8061258Z ├ ƒ /api/avatar/remote/[voiceAction]
Production build (windows-latest)	Qualify installed app and packed MCP packages on Node 22.17.0	2026-10-04T06:09:11.8061669Z ├ ƒ /api/avatar/remote/availability
Production build (windows-latest)	Qualify installed app and packed MCP packages on Node 22.17.0	2026-10-04T06:09:11.8062046Z ├ ƒ /api/avatar/voice
Production build (windows-latest)	Qualify installed app and packed MCP packages on Node 22.17.0	2026-10-04T06:09:11.8062376Z ├ ƒ /api/avatar/work-model
Production build (windows-latest)	Qualify installed app and packed MCP packages on Node 22.17.0	2026-10-04T06:09:11.8062700Z ├ ƒ /api/avatar/world
Production build (windows-latest)	Qualify installed app and packed MCP packages on Node 22.17.0	2026-10-04T06:09:11.8063060Z ├ ƒ /api/backup
Production build (windows-latest)	Qualify installed app and packed MCP packages on Node 22.17.0	2026-10-04T06:09:11.8063342Z ├ ƒ /api/browse
Production build (windows-latest)	Qualify installed app and packed MCP packages on Node 22.17.0	2026-10-04T06:09:11.8063627Z ├ ƒ /api/bugs/enhance
Production build (windows-latest)	Qualify installed app and packed MCP packages on Node 22.17.0	2026-10-04T06:09:11.8064145Z ├ ƒ /api/cloud/instance
Production build (windows-latest)	Qualify installed app and packed MCP packages on Node 22.17.0	2026-10-04T06:09:11.8064578Z ├ ƒ /api/cwd
Production build (windows-latest)	Qualify installed app and packed MCP packages on Node 22.17.0	2026-10-04T06:09:11.8064886Z ├ ƒ /api/encryption/secure
Production build (windows-latest)	Qualify installed app and packed MCP packages on Node 22.17.0	2026-10-04T06:09:11.8065195Z ├ ƒ /api/env
Production build (windows-latest)	Qualify installed app and packed MCP packages on Node 22.17.0	2026-10-04T06:09:11.8065482Z ├ ƒ /api/flow
Production build (windows-latest)	Qualify installed app and packed MCP packages on Node 22.17.0	2026-10-04T06:09:11.8065759Z ├ ƒ /api/flow/[id]
Production build (windows-latest)	Qualify installed app and packed MCP packages on Node 22.17.0	2026-10-04T06:09:11.8066143Z ├ ƒ /api/flow/[id]/convert-process-to-subflow
Production build (windows-latest)	Qualify installed app and packed MCP packages on Node 22.17.0	2026-10-04T06:09:11.8066573Z ├ ƒ /api/flow/[id]/versions
Production build (windows-latest)	Qualify installed app and packed MCP packages on Node 22.17.0	2026-10-04T06:09:11.8066948Z ├ ƒ /api/flow/[id]/versions/[versionId]
Production build (windows-latest)	Qualify installed app and packed MCP packages on Node 22.17.0	2026-10-04T06:09:11.8067309Z ├ ƒ /api/flow/assist
Production build (windows-latest)	Qualify installed app and packed MCP packages on Node 22.17.0	2026-10-04T06:09:11.8067982Z ├ ƒ /api/flow/compile
Production build (windows-latest)	Qualify installed app and packed MCP packages on Node 22.17.0	2026-10-04T06:09:11.8068387Z ├ ƒ /api/flow/generate
Production build (windows-latest)	Qualify installed app and packed MCP packages on Node 22.17.0	2026-10-04T06:09:11.8068729Z ├ ƒ /api/flow/generate/visual
Production build (windows-latest)	Qualify installed app and packed MCP packages on Node 22.17.0	2026-10-04T06:09:11.8069056Z ├ ƒ /api/flow/generator
Production build (windows-latest)	Qualify installed app and packed MCP packages on Node 22.17.0	2026-10-04T06:09:11.8069462Z ├ ƒ /api/flow/improve
Production build (windows-latest)	Qualify installed app and packed MCP packages on Node 22.17.0	2026-10-04T06:09:11.8070015Z ├ ƒ /api/flow/model-agent
Production build (windows-latest)	Qualify installed app and packed MCP packages on Node 22.17.0	2026-10-04T06:09:11.8070528Z ├ ƒ /api/flow/prompt-renderer
Production build (windows-latest)	Qualify installed app and packed MCP packages on Node 22.17.0	2026-10-04T06:09:11.8070961Z ├ ƒ /api/flow/quick-chat
Production build (windows-latest)	Qualify installed app and packed MCP packages on Node 22.17.0	2026-10-04T06:09:11.8071278Z ├ ƒ /api/flow/repair
Production build (windows-latest)	Qualify installed app and packed MCP packages on Node 22.17.0	2026-10-04T06:09:11.8071586Z ├ ƒ /api/git
Production build (windows-latest)	Qualify installed app and packed MCP packages on Node 22.17.0	2026-10-04T06:09:11.8071851Z ├ ƒ /api/init
Production build (windows-latest)	Qualify installed app and packed MCP packages on Node 22.17.0	2026-10-04T06:09:11.8072179Z ├ ƒ /api/local-models/capability
Production build (windows-latest)	Qualify installed app and packed MCP packages on Node 22.17.0	2026-10-04T06:09:11.8072574Z ├ ƒ /api/local-models/pull
Production build (windows-latest)	Qualify installed app and packed MCP packages on Node 22.17.0	2026-10-04T06:09:11.8072947Z ├ ƒ /api/local-models/suggest
Production build (windows-latest)	Qualify installed app and packed MCP packages on Node 22.17.0	2026-10-04T06:09:11.8073273Z ├ ƒ /api/mcp-registry
Production build (windows-latest)	Qualify installed app and packed MCP packages on Node 22.17.0	2026-10-04T06:09:11.8073603Z ├ ƒ /api/mcp-registry/spotlight
Production build (windows-latest)	Qualify installed app and packed MCP packages on Node 22.17.0	2026-10-04T06:09:11.8074121Z ├ ƒ /api/mcp/app-consent
Production build (windows-latest)	Qualify installed app and packed MCP packages on Node 22.17.0	2026-10-04T06:09:11.8074723Z ├ ƒ /api/mcp/app-sandbox
Production build (windows-latest)	Qualify installed app and packed MCP packages on Node 22.17.0	2026-10-04T06:09:11.8075294Z ├ ƒ /api/mcp/assistant
Production build (windows-latest)	Qualify installed app and packed MCP packages on Node 22.17.0	2026-10-04T06:09:11.8075868Z ├ ƒ /api/mcp/cancel
Production build (windows-latest)	Qualify installed app and packed MCP packages on Node 22.17.0	2026-10-04T06:09:11.8076470Z ├ ƒ /api/mcp/flujo/authoring
Production build (windows-latest)	Qualify installed app and packed MCP packages on Node 22.17.0	2026-10-04T06:09:11.8076859Z ├ ƒ /api/mcp/flujo/automation
Production build (windows-latest)	Qualify installed app and packed MCP packages on Node 22.17.0	2026-10-04T06:09:11.8077200Z ├ ƒ /api/mcp/flujo/flows
Production build (windows-latest)	Qualify installed app and packed MCP packages on Node 22.17.0	2026-10-04T06:09:11.8077551Z ├ ƒ /api/mcp/flujo/resources
Production build (windows-latest)	Qualify installed app and packed MCP packages on Node 22.17.0	2026-10-04T06:09:11.8078213Z ├ ƒ /api/mcp/flujo/resources/read
Production build (windows-latest)	Qualify installed app and packed MCP packages on Node 22.17.0	2026-10-04T06:09:11.8079410Z ├ ƒ /api/mcp/flujo/servers
Production build (windows-latest)	Qualify installed app and packed MCP packages on Node 22.17.0	2026-10-04T06:09:11.8079788Z ├ ƒ /api/mcp/flujo/skills
Production build (windows-latest)	Qualify installed app and packed MCP packages on Node 22.17.0	2026-10-04T06:09:11.8080106Z ├ ƒ /api/mcp/flujo/state
Production build (windows-latest)	Qualify installed app and packed MCP packages on Node 22.17.0	2026-10-04T06:09:11.8080419Z ├ ƒ /api/mcp/flujo/tools
Production build (windows-latest)	Qualify installed app and packed MCP packages on Node 22.17.0	2026-10-04T06:09:11.8080742Z ├ ƒ /api/mcp/oauth-capability
Production build (windows-latest)	Qualify installed app and packed MCP packages on Node 22.17.0	2026-10-04T06:09:11.8081098Z ├ ƒ /api/mcp/servers
Production build (windows-latest)	Qualify installed app and packed MCP packages on Node 22.17.0	2026-10-04T06:09:11.8081407Z ├ ƒ /api/mcp/servers/[name]
Production build (windows-latest)	Qualify installed app and packed MCP packages on Node 22.17.0	2026-10-04T06:09:11.8081775Z ├ ƒ /api/mcp/servers/[name]/prompts
Production build (windows-latest)	Qualify installed app and packed MCP packages on Node 22.17.0	2026-10-04T06:09:11.8082201Z ├ ƒ /api/mcp/servers/[name]/prompts/get
Production build (windows-latest)	Qualify installed app and packed MCP packages on Node 22.17.0	2026-10-04T06:09:11.8082600Z ├ ƒ /api/mcp/servers/[name]/resources
Production build (windows-latest)	Qualify installed app and packed MCP packages on Node 22.17.0	2026-10-04T06:09:11.8082999Z ├ ƒ /api/mcp/servers/[name]/resources/read
Production build (windows-latest)	Qualify installed app and packed MCP packages on Node 22.17.0	2026-10-04T06:09:11.8083426Z ├ ƒ /api/mcp/servers/[name]/skills
Production build (windows-latest)	Qualify installed app and packed MCP packages on Node 22.17.0	2026-10-04T06:09:11.8083819Z ├ ƒ /api/mcp/servers/[name]/skills/approve
Production build (windows-latest)	Qualify installed app and packed MCP packages on Node 22.17.0	2026-10-04T06:09:11.8084220Z ├ ƒ /api/mcp/servers/[name]/skills/get
Production build (windows-latest)	Qualify installed app and packed MCP packages on Node 22.17.0	2026-10-04T06:09:11.8084647Z ├ ƒ /api/mcp/servers/[name]/skills/load
Production build (windows-latest)	Qualify installed app and packed MCP packages on Node 22.17.0	2026-10-04T06:09:11.8085028Z ├ ƒ /api/mcp/servers/[name]/status
Production build (windows-latest)	Qualify installed app and packed MCP packages on Node 22.17.0	2026-10-04T06:09:11.8085482Z ├ ƒ /api/mcp/servers/[name]/stdio-oauth/confirm
Production build (windows-latest)	Qualify installed app and packed MCP packages on Node 22.17.0	2026-10-04T06:09:11.8086092Z ├ ƒ /api/mcp/servers/[name]/stdio-oauth/start
Production build (windows-latest)	Qualify installed app and packed MCP packages on Node 22.17.0	2026-10-04T06:09:11.8087595Z ├ ƒ /api/mcp/servers/[name]/tools
Production build (windows-latest)	Qualify installed app and packed MCP packages on Node 22.17.0	2026-10-04T06:09:11.8090168Z ├ ƒ /api/mcp/servers/[name]/tools/[toolName]
Production build (windows-latest)	Qualify installed app and packed MCP packages on Node 22.17.0	2026-10-04T06:09:11.8091482Z ├ ƒ /api/mcp/servers/[name]/tools/[toolName]/stream
Production build (windows-latest)	Qualify installed app and packed MCP packages on Node 22.17.0	2026-10-04T06:09:11.8092503Z ├ ƒ /api/mcp/test-connection
Production build (windows-latest)	Qualify installed app and packed MCP packages on Node 22.17.0	2026-10-04T06:09:11.8092938Z ├ ƒ /api/mcp/test-connection/stream
Production build (windows-latest)	Qualify installed app and packed MCP packages on Node 22.17.0	2026-10-04T06:09:11.8093294Z ├ ƒ /api/model
Production build (windows-latest)	Qualify installed app and packed MCP packages on Node 22.17.0	2026-10-04T06:09:11.8093621Z ├ ƒ /api/model/[id]
Production build (windows-latest)	Qualify installed app and packed MCP packages on Node 22.17.0	2026-10-04T06:09:11.8093931Z ├ ƒ /api/model/provider
Production build (windows-latest)	Qualify installed app and packed MCP packages on Node 22.17.0	2026-10-04T06:09:11.8094249Z ├ ƒ /api/model/test
Production build (windows-latest)	Qualify installed app and packed MCP packages on Node 22.17.0	2026-10-04T06:09:11.8094924Z ├ ƒ /api/network-exposure
Production build (windows-latest)	Qualify installed app and packed MCP packages on Node 22.17.0	2026-10-04T06:09:11.8095306Z ├ ƒ /api/oauth/callback
Production build (windows-latest)	Qualify installed app and packed MCP packages on Node 22.17.0	2026-10-04T06:09:11.8095622Z ├ ƒ /api/oauth/initiate
Production build (windows-latest)	Qualify installed app and packed MCP packages on Node 22.17.0	2026-10-04T06:09:11.8095920Z ├ ƒ /api/oauth/reset
Production build (windows-latest)	Qualify installed app and packed MCP packages on Node 22.17.0	2026-10-04T06:09:11.8096253Z ├ ƒ /api/packages/build
Production build (windows-latest)	Qualify installed app and packed MCP packages on Node 22.17.0	2026-10-04T06:09:11.8096599Z ├ ƒ /api/packages/derive-secrets
Production build (windows-latest)	Qualify installed app and packed MCP packages on Node 22.17.0	2026-10-04T06:09:11.8096985Z ├ ƒ /api/packages/install
Production build (windows-latest)	Qualify installed app and packed MCP packages on Node 22.17.0	2026-10-04T06:09:11.8097380Z ├ ƒ /api/packages/install/status
Production build (windows-latest)	Qualify installed app and packed MCP packages on Node 22.17.0	2026-10-04T06:09:11.8097733Z ├ ƒ /api/packages/installed
Production build (windows-latest)	Qualify installed app and packed MCP packages on Node 22.17.0	2026-10-04T06:09:11.8098094Z ├ ƒ /api/packages/resolve
Production build (windows-latest)	Qualify installed app and packed MCP packages on Node 22.17.0	2026-10-04T06:09:11.8098463Z ├ ƒ /api/packages/scan-targets
Production build (windows-latest)	Qualify installed app and packed MCP packages on Node 22.17.0	2026-10-04T06:09:11.8098819Z ├ ƒ /api/packages/search
Production build (windows-latest)	Qualify installed app and packed MCP packages on Node 22.17.0	2026-10-04T06:09:11.8099325Z ├ ƒ /api/packages/uninstall
Production build (windows-latest)	Qualify installed app and packed MCP packages on Node 22.17.0	2026-10-04T06:09:11.8099672Z ├ ƒ /api/persona-recovery
Production build (windows-latest)	Qualify installed app and packed MCP packages on Node 22.17.0	2026-10-04T06:09:11.8100027Z ├ ƒ /api/planned-executions
Production build (windows-latest)	Qualify installed app and packed MCP packages on Node 22.17.0	2026-10-04T06:09:11.8100388Z ├ ƒ /api/planned-executions/[id]
Production build (windows-latest)	Qualify installed app and packed MCP packages on Node 22.17.0	2026-10-04T06:09:11.8100772Z ├ ƒ /api/planned-executions/[id]/run
Production build (windows-latest)	Qualify installed app and packed MCP packages on Node 22.17.0	2026-10-04T06:09:11.8101202Z ├ ƒ /api/planned-executions/[id]/runs
Production build (windows-latest)	Qualify installed app and packed MCP packages on Node 22.17.0	2026-10-04T06:09:11.8101637Z ├ ƒ /api/planned-executions/[id]/worker-recovery
Production build (windows-latest)	Qualify installed app and packed MCP packages on Node 22.17.0	2026-10-04T06:09:11.8102091Z ├ ƒ /api/planned-executions/preview-schedule
Production build (windows-latest)	Qualify installed app and packed MCP packages on Node 22.17.0	2026-10-04T06:09:11.8102510Z ├ ƒ /api/planned-executions/reconcile
Production build (windows-latest)	Qualify installed app and packed MCP packages on Node 22.17.0	2026-10-04T06:09:11.8103105Z ├ ƒ /api/reference-search/files
Production build (windows-latest)	Qualify installed app and packed MCP packages on Node 22.17.0	2026-10-04T06:09:11.8103714Z ├ ƒ /api/registry/auth
Production build (windows-latest)	Qualify installed app and packed MCP packages on Node 22.17.0	2026-10-04T06:09:11.8104655Z ├ ƒ /api/registry/auth/resend
Production build (windows-latest)	Qualify installed app and packed MCP packages on Node 22.17.0	2026-10-04T06:09:11.8107054Z ├ ƒ /api/registry/auth/reset
Production build (windows-latest)	Qualify installed app and packed MCP packages on Node 22.17.0	2026-10-04T06:09:11.8107694Z ├ ƒ /api/registry/feedback
Production build (windows-latest)	Qualify installed app and packed MCP packages on Node 22.17.0	2026-10-04T06:09:11.8108485Z ├ ƒ /api/registry/oauth/callback
Production build (windows-latest)	Qualify installed app and packed MCP packages on Node 22.17.0	2026-10-04T06:09:11.8108920Z ├ ƒ /api/registry/oauth/initiate
Production build (windows-latest)	Qualify installed app and packed MCP packages on Node 22.17.0	2026-10-04T06:09:11.8109276Z ├ ƒ /api/registry/packages
Production build (windows-latest)	Qualify installed app and packed MCP packages on Node 22.17.0	2026-10-04T06:09:11.8109609Z ├ ƒ /api/registry/publish
Production build (windows-latest)	Qualify installed app and packed MCP packages on Node 22.17.0	2026-10-04T06:09:11.8109945Z ├ ƒ /api/registry/settings
Production build (windows-latest)	Qualify installed app and packed MCP packages on Node 22.17.0	2026-10-04T06:09:11.8110278Z ├ ƒ /api/restore
Production build (windows-latest)	Qualify installed app and packed MCP packages on Node 22.17.0	2026-10-04T06:09:11.8110582Z ├ ƒ /api/runs/active
Production build (windows-latest)	Qualify installed app and packed MCP packages on Node 22.17.0	2026-10-04T06:09:11.8110906Z ├ ƒ /api/runtime-environment
Production build (windows-latest)	Qualify installed app and packed MCP packages on Node 22.17.0	2026-10-04T06:09:11.8111268Z ├ ƒ /api/setup/ai-cli
Production build (windows-latest)	Qualify installed app and packed MCP packages on Node 22.17.0	2026-10-04T06:09:11.8111581Z ├ ƒ /api/snapshot/abort
Production build (windows-latest)	Qualify installed app and packed MCP packages on Node 22.17.0	2026-10-04T06:09:11.8111892Z ├ ƒ /api/snapshot/begin
Production build (windows-latest)	Qualify installed app and packed MCP packages on Node 22.17.0	2026-10-04T06:09:11.8112236Z ├ ƒ /api/snapshot/download
Production build (windows-latest)	Qualify installed app and packed MCP packages on Node 22.17.0	2026-10-04T06:09:11.8112561Z ├ ƒ /api/snapshot/finalize
Production build (windows-latest)	Qualify installed app and packed MCP packages on Node 22.17.0	2026-10-04T06:09:11.8112872Z ├ ƒ /api/snapshot/info
Production build (windows-latest)	Qualify installed app and packed MCP packages on Node 22.17.0	2026-10-04T06:09:11.8113203Z ├ ƒ /api/snapshot/status
Production build (windows-latest)	Qualify installed app and packed MCP packages on Node 22.17.0	2026-10-04T06:09:11.8113775Z ├ ƒ /api/snapshots
Production build (windows-latest)	Qualify installed app and packed MCP packages on Node 22.17.0	2026-10-04T06:09:11.8114089Z ├ ƒ /api/snapshots/cleanup
Production build (windows-latest)	Qualify installed app and packed MCP packages on Node 22.17.0	2026-10-04T06:09:11.8114450Z ├ ƒ /api/snapshots/open-folder
Production build (windows-latest)	Qualify installed app and packed MCP packages on Node 22.17.0	2026-10-04T06:09:11.8114830Z ├ ƒ /api/statistics
Production build (windows-latest)	Qualify installed app and packed MCP packages on Node 22.17.0	2026-10-04T06:09:11.8115114Z ├ ƒ /api/storage
Production build (windows-latest)	Qualify installed app and packed MCP packages on Node 22.17.0	2026-10-04T06:09:11.8115448Z ├ ƒ /api/telemetry/daily-active
Production build (windows-latest)	Qualify installed app and packed MCP packages on Node 22.17.0	2026-10-04T06:09:11.8115767Z ├ ƒ /api/tickets
Production build (windows-latest)	Qualify installed app and packed MCP packages on Node 22.17.0	2026-10-04T06:09:11.8116088Z ├ ƒ /api/tickets/[id]
Production build (windows-latest)	Qualify installed app and packed MCP packages on Node 22.17.0	2026-10-04T06:09:11.8116397Z ├ ƒ /api/transcription
Production build (windows-latest)	Qualify installed app and packed MCP packages on Node 22.17.0	2026-10-04T06:09:11.8116683Z ├ ƒ /api/update
Production build (windows-latest)	Qualify installed app and packed MCP packages on Node 22.17.0	2026-10-04T06:09:11.8116981Z ├ ƒ /api/waves
Production build (windows-latest)	Qualify installed app and packed MCP packages on Node 22.17.0	2026-10-04T06:09:11.8117268Z ├ ƒ /api/webhooks/[id]
Production build (windows-latest)	Qualify installed app and packed MCP packages on Node 22.17.0	2026-10-04T06:09:11.8117564Z ├ ƒ /api/worker/status
Production build (windows-latest)	Qualify installed app and packed MCP packages on Node 22.17.0	2026-10-04T06:09:11.8117860Z ├ ƒ /api/workspaces
Production build (windows-latest)	Qualify installed app and packed MCP packages on Node 22.17.0	2026-10-04T06:09:11.8118182Z ├ ○ /automation/triggers
Production build (windows-latest)	Qualify installed app and packed MCP packages on Node 22.17.0	2026-10-04T06:09:11.8118491Z ├ ○ /automation/waves
Production build (windows-latest)	Qualify installed app and packed MCP packages on Node 22.17.0	2026-10-04T06:09:11.8118768Z ├ ○ /chain-chat
Production build (windows-latest)	Qualify installed app and packed MCP packages on Node 22.17.0	2026-10-04T06:09:11.8119063Z ├ ○ /chat
Production build (windows-latest)	Qualify installed app and packed MCP packages on Node 22.17.0	2026-10-04T06:09:11.8119316Z ├ ○ /docs
Production build (windows-latest)	Qualify installed app and packed MCP packages on Node 22.17.0	2026-10-04T06:09:11.8119583Z ├ ○ /executions
Production build (windows-latest)	Qualify installed app and packed MCP packages on Node 22.17.0	2026-10-04T06:09:11.8119882Z ├ ○ /flows
Production build (windows-latest)	Qualify installed app and packed MCP packages on Node 22.17.0	2026-10-04T06:09:11.8120177Z ├ ○ /mcp
Production build (windows-latest)	Qualify installed app and packed MCP packages on Node 22.17.0	2026-10-04T06:09:11.8120630Z ├ ƒ /mcp-flows
Production build (windows-latest)	Qualify installed app and packed MCP packages on Node 22.17.0	2026-10-04T06:09:11.8121941Z ├ ƒ /mcp-proxy/[server]
Production build (windows-latest)	Qualify installed app and packed MCP packages on Node 22.17.0	2026-10-04T06:09:11.8122592Z ├ ○ /meetings
Production build (windows-latest)	Qualify installed app and packed MCP packages on Node 22.17.0	2026-10-04T06:09:11.8122906Z ├ ƒ /models
Production build (windows-latest)	Qualify installed app and packed MCP packages on Node 22.17.0	2026-10-04T06:09:11.8123311Z ├ ○ /packages
Production build (windows-latest)	Qualify installed app and packed MCP packages on Node 22.17.0	2026-10-04T06:09:11.8123706Z ├ ○ /personas
Production build (windows-latest)	Qualify installed app and packed MCP packages on Node 22.17.0	2026-10-04T06:09:11.8124018Z ├ ƒ /personas/[personaId]
Production build (windows-latest)	Qualify installed app and packed MCP packages on Node 22.17.0	2026-10-04T06:09:11.8124333Z ├ ○ /roles
Production build (windows-latest)	Qualify installed app and packed MCP packages on Node 22.17.0	2026-10-04T06:09:11.8124620Z ├ ƒ /roles/[roleId]
Production build (windows-latest)	Qualify installed app and packed MCP packages on Node 22.17.0	2026-10-04T06:09:11.8125007Z ├ ƒ /roles/[roleId]/edit
Production build (windows-latest)	Qualify installed app and packed MCP packages on Node 22.17.0	2026-10-04T06:09:11.8125309Z ├ ○ /roles/new
Production build (windows-latest)	Qualify installed app and packed MCP packages on Node 22.17.0	2026-10-04T06:09:11.8125622Z ├ ○ /settings
Production build (windows-latest)	Qualify installed app and packed MCP packages on Node 22.17.0	2026-10-04T06:09:11.8125907Z ├ ○ /statistics
Production build (windows-latest)	Qualify installed app and packed MCP packages on Node 22.17.0	2026-10-04T06:09:11.8126201Z ├ ƒ /v1/chat/completions
Production build (windows-latest)	Qualify installed app and packed MCP packages on Node 22.17.0	2026-10-04T06:09:11.8126562Z ├ ƒ /v1/chat/conversation-chains
Production build (windows-latest)	Qualify installed app and packed MCP packages on Node 22.17.0	2026-10-04T06:09:11.8126920Z ├ ƒ /v1/chat/conversations
Production build (windows-latest)	Qualify installed app and packed MCP packages on Node 22.17.0	2026-10-04T06:09:11.8127337Z ├ ƒ /v1/chat/conversations/[conversationId]
Production build (windows-latest)	Qualify installed app and packed MCP packages on Node 22.17.0	2026-10-04T06:09:11.8127828Z ├ ƒ /v1/chat/conversations/[conversationId]/breakpoints
Production build (windows-latest)	Qualify installed app and packed MCP packages on Node 22.17.0	2026-10-04T06:09:11.8128792Z ├ ƒ /v1/chat/conversations/[conversationId]/cancel
Production build (windows-latest)	Qualify installed app and packed MCP packages on Node 22.17.0	2026-10-04T06:09:11.8129341Z ├ ƒ /v1/chat/conversations/[conversationId]/debug/attach
Production build (windows-latest)	Qualify installed app and packed MCP packages on Node 22.17.0	2026-10-04T06:09:11.8129869Z ├ ƒ /v1/chat/conversations/[conversationId]/debug/continue
Production build (windows-latest)	Qualify installed app and packed MCP packages on Node 22.17.0	2026-10-04T06:09:11.8130379Z ├ ƒ /v1/chat/conversations/[conversationId]/debug/state
Production build (windows-latest)	Qualify installed app and packed MCP packages on Node 22.17.0	2026-10-04T06:09:11.8130893Z ├ ƒ /v1/chat/conversations/[conversationId]/debug/step
Production build (windows-latest)	Qualify installed app and packed MCP packages on Node 22.17.0	2026-10-04T06:09:11.8131378Z ├ ƒ /v1/chat/conversations/[conversationId]/edit-state
Production build (windows-latest)	Qualify installed app and packed MCP packages on Node 22.17.0	2026-10-04T06:09:11.8131848Z ├ ƒ /v1/chat/conversations/[conversationId]/events
Production build (windows-latest)	Qualify installed app and packed MCP packages on Node 22.17.0	2026-10-04T06:09:11.8132344Z ├ ƒ /v1/chat/conversations/[conversationId]/inject
Production build (windows-latest)	Qualify installed app and packed MCP packages on Node 22.17.0	2026-10-04T06:09:11.8132829Z ├ ƒ /v1/chat/conversations/[conversationId]/model-turns
Production build (windows-latest)	Qualify installed app and packed MCP packages on Node 22.17.0	2026-10-04T06:09:11.8133383Z ├ ƒ /v1/chat/conversations/[conversationId]/model-turns/[dispatchId]
Production build (windows-latest)	Qualify installed app and packed MCP packages on Node 22.17.0	2026-10-04T06:09:11.8134092Z ├ ƒ /v1/chat/conversations/[conversationId]/model-turns/[dispatchId]/media/[mediaId]
Production build (windows-latest)	Qualify installed app and packed MCP packages on Node 22.17.0	2026-10-04T06:09:11.8134903Z ├ ƒ /v1/chat/conversations/[conversationId]/recovery
Production build (windows-latest)	Qualify installed app and packed MCP packages on Node 22.17.0	2026-10-04T06:09:11.8135399Z ├ ƒ /v1/chat/conversations/[conversationId]/resources
Production build (windows-latest)	Qualify installed app and packed MCP packages on Node 22.17.0	2026-10-04T06:09:11.8135971Z ├ ƒ /v1/chat/conversations/[conversationId]/resources/[resourceId]/content
Production build (windows-latest)	Qualify installed app and packed MCP packages on Node 22.17.0	2026-10-04T06:09:11.8136555Z ├ ƒ /v1/chat/conversations/[conversationId]/respond
Production build (windows-latest)	Qualify installed app and packed MCP packages on Node 22.17.0	2026-10-04T06:09:11.8137023Z ├ ƒ /v1/chat/conversations/[conversationId]/revert
Production build (windows-latest)	Qualify installed app and packed MCP packages on Node 22.17.0	2026-10-04T06:09:11.8137521Z ├ ƒ /v1/chat/conversations/[conversationId]/wire-preview
Production build (windows-latest)	Qualify installed app and packed MCP packages on Node 22.17.0	2026-10-04T06:09:11.8137947Z ├ ƒ /v1/chat/events
Production build (windows-latest)	Qualify installed app and packed MCP packages on Node 22.17.0	2026-10-04T06:09:11.8138277Z ├ ƒ /v1/flows/[flowRef]/readiness
Production build (windows-latest)	Qualify installed app and packed MCP packages on Node 22.17.0	2026-10-04T06:09:11.8138600Z ├ ƒ /v1/meetings
Production build (windows-latest)	Qualify installed app and packed MCP packages on Node 22.17.0	2026-10-04T06:09:11.8138936Z ├ ƒ /v1/meetings/[meetingId]
Production build (windows-latest)	Qualify installed app and packed MCP packages on Node 22.17.0	2026-10-04T06:09:11.8139303Z ├ ƒ /v1/meetings/[meetingId]/cancel
Production build (windows-latest)	Qualify installed app and packed MCP packages on Node 22.17.0	2026-10-04T06:09:11.8139687Z ├ ƒ /v1/meetings/[meetingId]/events
Production build (windows-latest)	Qualify installed app and packed MCP packages on Node 22.17.0	2026-10-04T06:09:11.8140114Z ├ ƒ /v1/meetings/[meetingId]/interventions
Production build (windows-latest)	Qualify installed app and packed MCP packages on Node 22.17.0	2026-10-04T06:09:11.8140844Z ├ ƒ /v1/meetings/[meetingId]/private-notes
Production build (windows-latest)	Qualify installed app and packed MCP packages on Node 22.17.0	2026-10-04T06:09:11.8141770Z ├ ƒ /v1/meetings/[meetingId]/resume
Production build (windows-latest)	Qualify installed app and packed MCP packages on Node 22.17.0	2026-10-04T06:09:11.8143202Z ├ ƒ /v1/meetings/[meetingId]/start
Production build (windows-latest)	Qualify installed app and packed MCP packages on Node 22.17.0	2026-10-04T06:09:11.8143632Z ├ ƒ /v1/models
Production build (windows-latest)	Qualify installed app and packed MCP packages on Node 22.17.0	2026-10-04T06:09:11.8143965Z ├ ƒ /v1/persona-drafts
Production build (windows-latest)	Qualify installed app and packed MCP packages on Node 22.17.0	2026-10-04T06:09:11.8144549Z ├ ƒ /v1/persona-drafts/[draftId]
Production build (windows-latest)	Qualify installed app and packed MCP packages on Node 22.17.0	2026-10-04T06:09:11.8144942Z ├ ƒ /v1/personas
Production build (windows-latest)	Qualify installed app and packed MCP packages on Node 22.17.0	2026-10-04T06:09:11.8145276Z ├ ƒ /v1/personas/[personaId]
Production build (windows-latest)	Qualify installed app and packed MCP packages on Node 22.17.0	2026-10-04T06:09:11.8145697Z ├ ƒ /v1/personas/[personaId]/app-grants
Production build (windows-latest)	Qualify installed app and packed MCP packages on Node 22.17.0	2026-10-04T06:09:11.8146197Z ├ ƒ /v1/personas/[personaId]/app-grants/[grantId]
Production build (windows-latest)	Qualify installed app and packed MCP packages on Node 22.17.0	2026-10-04T06:09:11.8146969Z ├ ƒ /v1/personas/[personaId]/app-grants/[grantId]/launch
Production build (windows-latest)	Qualify installed app and packed MCP packages on Node 22.17.0	2026-10-04T06:09:11.8148786Z ├ ƒ /v1/personas/[personaId]/behaviors/[behaviorId]/activate
Production build (windows-latest)	Qualify installed app and packed MCP packages on Node 22.17.0	2026-10-04T06:09:11.8149683Z ├ ƒ /v1/personas/[personaId]/composition
Production build (windows-latest)	Qualify installed app and packed MCP packages on Node 22.17.0	2026-10-04T06:09:11.8150548Z ├ ƒ /v1/personas/[personaId]/composition/behaviors
Production build (windows-latest)	Qualify installed app and packed MCP packages on Node 22.17.0	2026-10-04T06:09:11.8151416Z ├ ƒ /v1/personas/[personaId]/composition/copy
Production build (windows-latest)	Qualify installed app and packed MCP packages on Node 22.17.0	2026-10-04T06:09:11.8152240Z ├ ƒ /v1/personas/[personaId]/deletion-preview
Production build (windows-latest)	Qualify installed app and packed MCP packages on Node 22.17.0	2026-10-04T06:09:11.8153101Z ├ ƒ /v1/personas/[personaId]/execution-preview
Production build (windows-latest)	Qualify installed app and packed MCP packages on Node 22.17.0	2026-10-04T06:09:11.8153869Z ├ ƒ /v1/personas/[personaId]/export
Production build (windows-latest)	Qualify installed app and packed MCP packages on Node 22.17.0	2026-10-04T06:09:11.8154591Z ├ ƒ /v1/personas/[personaId]/export-preview
Production build (windows-latest)	Qualify installed app and packed MCP packages on Node 22.17.0	2026-10-04T06:09:11.8155376Z ├ ƒ /v1/personas/[personaId]/improvements
Production build (windows-latest)	Qualify installed app and packed MCP packages on Node 22.17.0	2026-10-04T06:09:11.8156254Z ├ ƒ /v1/personas/[personaId]/improvements/[proposalId]/apply
Production build (windows-latest)	Qualify installed app and packed MCP packages on Node 22.17.0	2026-10-04T06:09:11.8157237Z ├ ƒ /v1/personas/[personaId]/improvements/[proposalId]/promote
Production build (windows-latest)	Qualify installed app and packed MCP packages on Node 22.17.0	2026-10-04T06:09:11.8158264Z ├ ƒ /v1/personas/[personaId]/improvements/[proposalId]/reject
Production build (windows-latest)	Qualify installed app and packed MCP packages on Node 22.17.0	2026-10-04T06:09:11.8159217Z ├ ƒ /v1/personas/[personaId]/improvements/[proposalId]/undo
Production build (windows-latest)	Qualify installed app and packed MCP packages on Node 22.17.0	2026-10-04T06:09:11.8160017Z ├ ƒ /v1/personas/[personaId]/memories
Production build (windows-latest)	Qualify installed app and packed MCP packages on Node 22.17.0	2026-10-04T06:09:11.8160785Z ├ ƒ /v1/personas/[personaId]/memories/[memoryId]
Production build (windows-latest)	Qualify installed app and packed MCP packages on Node 22.17.0	2026-10-04T06:09:11.8161603Z ├ ƒ /v1/personas/[personaId]/memories/[memoryId]/activate
Production build (windows-latest)	Qualify installed app and packed MCP packages on Node 22.17.0	2026-10-04T06:09:11.8162419Z ├ ƒ /v1/personas/[personaId]/memories/[memoryId]/correct
Production build (windows-latest)	Qualify installed app and packed MCP packages on Node 22.17.0	2026-10-04T06:09:11.8163186Z ├ ƒ /v1/personas/[personaId]/memories/[memoryId]/pin
Production build (windows-latest)	Qualify installed app and packed MCP packages on Node 22.17.0	2026-10-04T06:09:11.8164129Z ├ ƒ /v1/personas/[personaId]/memories/[memoryId]/resolve-conflict
Production build (windows-latest)	Qualify installed app and packed MCP packages on Node 22.17.0	2026-10-04T06:09:11.8164979Z ├ ƒ /v1/personas/[personaId]/runtime-recovery
Production build (windows-latest)	Qualify installed app and packed MCP packages on Node 22.17.0	2026-10-04T06:09:11.8165694Z ├ ƒ /v1/personas/[personaId]/storage-stats
Production build (windows-latest)	Qualify installed app and packed MCP packages on Node 22.17.0	2026-10-04T06:09:11.8166683Z ├ ƒ /v1/personas/[personaId]/work-items
Production build (windows-latest)	Qualify installed app and packed MCP packages on Node 22.17.0	2026-10-04T06:09:11.8167423Z ├ ƒ /v1/personas/[personaId]/work-items/[workItemId]
Production build (windows-latest)	Qualify installed app and packed MCP packages on Node 22.17.0	2026-10-04T06:09:11.8168258Z ├ ƒ /v1/personas/[personaId]/work-items/[workItemId]/assign
Production build (windows-latest)	Qualify installed app and packed MCP packages on Node 22.17.0	2026-10-04T06:09:11.8169143Z ├ ƒ /v1/personas/[personaId]/work-items/[workItemId]/control
Production build (windows-latest)	Qualify installed app and packed MCP packages on Node 22.17.0	2026-10-04T06:09:11.8169940Z ├ ƒ /v1/personas/[personaId]/work-items/promote-todo
Production build (windows-latest)	Qualify installed app and packed MCP packages on Node 22.17.0	2026-10-04T06:09:11.8170567Z ├ ƒ /v1/personas/readiness
Production build (windows-latest)	Qualify installed app and packed MCP packages on Node 22.17.0	2026-10-04T06:09:11.8171181Z ├ ƒ /v1/personas/settings-options
Production build (windows-latest)	Qualify installed app and packed MCP packages on Node 22.17.0	2026-10-04T06:09:11.8171818Z ├ ƒ /v1/personas/summary
Production build (windows-latest)	Qualify installed app and packed MCP packages on Node 22.17.0	2026-10-04T06:09:11.8172298Z ├ ƒ /v1/roles
Production build (windows-latest)	Qualify installed app and packed MCP packages on Node 22.17.0	2026-10-04T06:09:11.8172827Z ├ ƒ /v1/roles/[roleId]
Production build (windows-latest)	Qualify installed app and packed MCP packages on Node 22.17.0	2026-10-04T06:09:11.8173409Z ├ ƒ /v1/roles/[roleId]/duplicate
Production build (windows-latest)	Qualify installed app and packed MCP packages on Node 22.17.0	2026-10-04T06:09:11.8174277Z ├ ƒ /v1/roles/[roleId]/impact
Production build (windows-latest)	Qualify installed app and packed MCP packages on Node 22.17.0	2026-10-04T06:09:11.8174869Z ├ ƒ /v1/roles/[roleId]/restore
Production build (windows-latest)	Qualify installed app and packed MCP packages on Node 22.17.0	2026-10-04T06:09:11.8175474Z ├ ƒ /v1/roles/[roleId]/rollback
Production build (windows-latest)	Qualify installed app and packed MCP packages on Node 22.17.0	2026-10-04T06:09:11.8176039Z ├ ƒ /v1/roles/[roleId]/versions
Production build (windows-latest)	Qualify installed app and packed MCP packages on Node 22.17.0	2026-10-04T06:09:11.8176555Z ├ ƒ /v1/tasks/[taskId]
Production build (windows-latest)	Qualify installed app and packed MCP packages on Node 22.17.0	2026-10-04T06:09:11.8177028Z ├ ○ /waves
Production build (windows-latest)	Qualify installed app and packed MCP packages on Node 22.17.0	2026-10-04T06:09:11.8177414Z └ ○ /world
Production build (windows-latest)	Qualify installed app and packed MCP packages on Node 22.17.0	2026-10-04T06:09:11.8177632Z 
Production build (windows-latest)	Qualify installed app and packed MCP packages on Node 22.17.0	2026-10-04T06:09:11.8177643Z 
Production build (windows-latest)	Qualify installed app and packed MCP packages on Node 22.17.0	2026-10-04T06:09:11.8177866Z ƒ Proxy (Middleware)
Production build (windows-latest)	Qualify installed app and packed MCP packages on Node 22.17.0	2026-10-04T06:09:11.8178130Z 
Production build (windows-latest)	Qualify installed app and packed MCP packages on Node 22.17.0	2026-10-04T06:09:11.8178490Z ○  (Static)   prerendered as static content
Production build (windows-latest)	Qualify installed app and packed MCP packages on Node 22.17.0	2026-10-04T06:09:11.8179164Z ƒ  (Dynamic)  server-rendered on demand
Production build (windows-latest)	Qualify installed app and packed MCP packages on Node 22.17.0	2026-10-04T06:09:11.8179517Z 
Production build (windows-latest)	Qualify installed app and packed MCP packages on Node 22.17.0	2026-10-04T06:09:12.4190123Z 
Production build (windows-latest)	Qualify installed app and packed MCP packages on Node 22.17.0	2026-10-04T06:09:12.4190842Z > flujo-ai@3.46.3 typecheck:mcp
Production build (windows-latest)	Qualify installed app and packed MCP packages on Node 22.17.0	2026-10-04T06:09:12.4191468Z > npm run typecheck --workspaces --if-present
Production build (windows-latest)	Qualify installed app and packed MCP packages on Node 22.17.0	2026-10-04T06:09:12.4191751Z 
Production build (windows-latest)	Qualify installed app and packed MCP packages on Node 22.17.0	2026-10-04T06:09:12.7568732Z 
Production build (windows-latest)	Qualify installed app and packed MCP packages on Node 22.17.0	2026-10-04T06:09:12.7569499Z > @mario.andreschak/mcp-bash@3.46.3 typecheck
Production build (windows-latest)	Qualify installed app and packed MCP packages on Node 22.17.0	2026-10-04T06:09:12.7570538Z > tsc -p tsconfig.json --noEmit
Production build (windows-latest)	Qualify installed app and packed MCP packages on Node 22.17.0	2026-10-04T06:09:12.7572064Z 
Production build (windows-latest)	Qualify installed app and packed MCP packages on Node 22.17.0	2026-10-04T06:09:14.9904355Z 
Production build (windows-latest)	Qualify installed app and packed MCP packages on Node 22.17.0	2026-10-04T06:09:14.9905105Z > @mario.andreschak/mcp-browser@3.46.3 typecheck
Production build (windows-latest)	Qualify installed app and packed MCP packages on Node 22.17.0	2026-10-04T06:09:14.9908006Z > tsc -p tsconfig.json --noEmit
Production build (windows-latest)	Qualify installed app and packed MCP packages on Node 22.17.0	2026-10-04T06:09:14.9908389Z 
Production build (windows-latest)	Qualify installed app and packed MCP packages on Node 22.17.0	2026-10-04T06:09:17.6407298Z 
Production build (windows-latest)	Qualify installed app and packed MCP packages on Node 22.17.0	2026-10-04T06:09:17.6408080Z > @mario.andreschak/mcp-filesystem@3.46.3 typecheck
Production build (windows-latest)	Qualify installed app and packed MCP packages on Node 22.17.0	2026-10-04T06:09:17.6408903Z > tsc -p tsconfig.json --noEmit
Production build (windows-latest)	Qualify installed app and packed MCP packages on Node 22.17.0	2026-10-04T06:09:17.6409221Z 
Production build (windows-latest)	Qualify installed app and packed MCP packages on Node 22.17.0	2026-10-04T06:09:19.8070353Z 
Production build (windows-latest)	Qualify installed app and packed MCP packages on Node 22.17.0	2026-10-04T06:09:19.8071115Z > @mario.andreschak/mcp-flujo@3.46.3 typecheck
Production build (windows-latest)	Qualify installed app and packed MCP packages on Node 22.17.0	2026-10-04T06:09:19.8071855Z > tsc -p tsconfig.json --noEmit
Production build (windows-latest)	Qualify installed app and packed MCP packages on Node 22.17.0	2026-10-04T06:09:19.8072194Z 
Production build (windows-latest)	Qualify installed app and packed MCP packages on Node 22.17.0	2026-10-04T06:09:21.5673182Z 
Production build (windows-latest)	Qualify installed app and packed MCP packages on Node 22.17.0	2026-10-04T06:09:21.5673938Z > @flujo-ai/mcp-shared@0.1.0 typecheck
Production build (windows-latest)	Qualify installed app and packed MCP packages on Node 22.17.0	2026-10-04T06:09:21.5674650Z > tsc -p tsconfig.json --noEmit
Production build (windows-latest)	Qualify installed app and packed MCP packages on Node 22.17.0	2026-10-04T06:09:21.5674998Z 
Production build (windows-latest)	Qualify installed app and packed MCP packages on Node 22.17.0	2026-10-04T06:09:23.0584175Z 
Production build (windows-latest)	Qualify installed app and packed MCP packages on Node 22.17.0	2026-10-04T06:09:23.0584980Z > flujo-ai@3.46.3 validate:mcp-release
Production build (windows-latest)	Qualify installed app and packed MCP packages on Node 22.17.0	2026-10-04T06:09:23.0585809Z > node scripts/validate-mcp-release.mjs
Production build (windows-latest)	Qualify installed app and packed MCP packages on Node 22.17.0	2026-10-04T06:09:23.0586296Z 
Production build (windows-latest)	Qualify installed app and packed MCP packages on Node 22.17.0	2026-10-04T06:09:33.2318835Z Validated flujo-ai and four standalone MCP packages at 3.46.3.
Production build (windows-latest)	Qualify installed app and packed MCP packages on Node 22.17.0	2026-10-04T06:09:33.7544944Z 
Production build (windows-latest)	Qualify installed app and packed MCP packages on Node 22.17.0	2026-10-04T06:09:33.7545690Z > flujo-ai@3.46.3 smoke:mcp-artifacts
Production build (windows-latest)	Qualify installed app and packed MCP packages on Node 22.17.0	2026-10-04T06:09:33.7546197Z > node scripts/smoke-mcp-artifacts.mjs
Production build (windows-latest)	Qualify installed app and packed MCP packages on Node 22.17.0	2026-10-04T06:09:33.7546455Z 
Production build (windows-latest)	Qualify installed app and packed MCP packages on Node 22.17.0	2026-10-04T06:19:08.4331163Z Validated isolated packed MCP binaries and the installed FLUJO proxy.
Production build (windows-latest)	Run actions/setup-node@49933ea5288caeca8642d1e84afbd3f7d6820020	﻿2026-10-04T06:19:08.5477328Z ##[group]Run actions/setup-node@49933ea5288caeca8642d1e84afbd3f7d6820020
Production build (windows-latest)	Run actions/setup-node@49933ea5288caeca8642d1e84afbd3f7d6820020	2026-10-04T06:19:08.5478187Z with:
Production build (windows-latest)	Run actions/setup-node@49933ea5288caeca8642d1e84afbd3f7d6820020	2026-10-04T06:19:08.5478604Z   node-version: 22.23.3
Production build (windows-latest)	Run actions/setup-node@49933ea5288caeca8642d1e84afbd3f7d6820020	2026-10-04T06:19:08.5479121Z   cache: npm
Production build (windows-latest)	Run actions/setup-node@49933ea5288caeca8642d1e84afbd3f7d6820020	2026-10-04T06:19:08.5479548Z   always-auth: false
Production build (windows-latest)	Run actions/setup-node@49933ea5288caeca8642d1e84afbd3f7d6820020	2026-10-04T06:19:08.5479978Z   check-latest: false
Production build (windows-latest)	Run actions/setup-node@49933ea5288caeca8642d1e84afbd3f7d6820020	2026-10-04T06:19:08.5484862Z   token: ***
Production build (windows-latest)	Run actions/setup-node@49933ea5288caeca8642d1e84afbd3f7d6820020	2026-10-04T06:19:08.5485311Z ##[endgroup]
Production build (windows-latest)	Run actions/setup-node@49933ea5288caeca8642d1e84afbd3f7d6820020	2026-10-04T06:19:08.7277683Z Found in cache @ C:\hostedtoolcache\windows\node\22.23.3\x64
Production build (windows-latest)	Run actions/setup-node@49933ea5288caeca8642d1e84afbd3f7d6820020	2026-10-04T06:19:08.7285346Z (node:4984) [DEP0040] DeprecationWarning: The `punycode` module is deprecated. Please use a userland alternative instead.
Production build (windows-latest)	Run actions/setup-node@49933ea5288caeca8642d1e84afbd3f7d6820020	2026-10-04T06:19:08.7286338Z (Use `node --trace-deprecation ...` to show where the warning was created)
Production build (windows-latest)	Run actions/setup-node@49933ea5288caeca8642d1e84afbd3f7d6820020	2026-10-04T06:19:08.7288852Z ##[group]Environment details
Production build (windows-latest)	Run actions/setup-node@49933ea5288caeca8642d1e84afbd3f7d6820020	2026-10-04T06:19:17.6869428Z node: v22.23.3
Production build (windows-latest)	Run actions/setup-node@49933ea5288caeca8642d1e84afbd3f7d6820020	2026-10-04T06:19:17.6870549Z npm: 10.9.9
Production build (windows-latest)	Run actions/setup-node@49933ea5288caeca8642d1e84afbd3f7d6820020	2026-10-04T06:19:17.6870846Z yarn: 1.22.22
Production build (windows-latest)	Run actions/setup-node@49933ea5288caeca8642d1e84afbd3f7d6820020	2026-10-04T06:19:17.6871417Z ##[endgroup]
Production build (windows-latest)	Run actions/setup-node@49933ea5288caeca8642d1e84afbd3f7d6820020	2026-10-04T06:19:17.7728729Z [command]C:\Windows\system32\cmd.exe /D /S /C "C:\hostedtoolcache\windows\node\22.23.3\x64\npm.cmd config get cache"
Production build (windows-latest)	Run actions/setup-node@49933ea5288caeca8642d1e84afbd3f7d6820020	2026-10-04T06:19:18.3107348Z C:\npm\cache
Production build (windows-latest)	Run actions/setup-node@49933ea5288caeca8642d1e84afbd3f7d6820020	2026-10-04T06:19:18.5750004Z Cache hit for: node-cache-Windows-x64-npm-9d7b03f918b998623827b00dabde5cdd886120be55b94bedb416cf54e8fb989e
Production build (windows-latest)	Run actions/setup-node@49933ea5288caeca8642d1e84afbd3f7d6820020	2026-10-04T06:19:18.5875173Z (node:4984) [DEP0169] DeprecationWarning: `url.parse()` behavior is not standardized and prone to errors that have security implications. Use the WHATWG URL API instead. CVEs are not issued for `url.parse()` vulnerabilities.
Production build (windows-latest)	Run actions/setup-node@49933ea5288caeca8642d1e84afbd3f7d6820020	2026-10-04T06:19:19.7076206Z Received 134217728 of 397036424 (33.8%), 125.1 MBs/sec
Production build (windows-latest)	Run actions/setup-node@49933ea5288caeca8642d1e84afbd3f7d6820020	2026-10-04T06:19:20.7162278Z Received 306184192 of 397036424 (77.1%), 143.8 MBs/sec
Production build (windows-latest)	Run actions/setup-node@49933ea5288caeca8642d1e84afbd3f7d6820020	2026-10-04T06:19:21.1887343Z Received 397036424 of 397036424 (100.0%), 151.2 MBs/sec
Production build (windows-latest)	Run actions/setup-node@49933ea5288caeca8642d1e84afbd3f7d6820020	2026-10-04T06:19:21.1891006Z Cache Size: ~379 MB (397036424 B)
Production build (windows-latest)	Run actions/setup-node@49933ea5288caeca8642d1e84afbd3f7d6820020	2026-10-04T06:19:21.1924370Z [command]"C:\Program Files\Git\usr\bin\tar.exe" -xf D:/a/_temp/1b9a9466-f1ed-4236-978f-ef6c1cde5c67/cache.tzst -P -C D:/a/FLUJO/FLUJO --force-local --use-compress-program "zstd -d"
Production build (windows-latest)	Run actions/setup-node@49933ea5288caeca8642d1e84afbd3f7d6820020	2026-10-04T06:19:27.1433304Z Cache restored successfully
Production build (windows-latest)	Run actions/setup-node@49933ea5288caeca8642d1e84afbd3f7d6820020	2026-10-04T06:19:27.1775717Z Cache restored from key: node-cache-Windows-x64-npm-9d7b03f918b998623827b00dabde5cdd886120be55b94bedb416cf54e8fb989e
Production build (windows-latest)	Verify exact official Node runtime	﻿2026-10-04T06:19:27.2248039Z ##[group]Run node scripts/verify-ci-node.mjs 22.23.3 --record
Production build (windows-latest)	Verify exact official Node runtime	2026-10-04T06:19:27.2249000Z ^[[36;1mnode scripts/verify-ci-node.mjs 22.23.3 --record^[[0m
Production build (windows-latest)	Verify exact official Node runtime	2026-10-04T06:19:27.2370635Z shell: C:\Program Files\PowerShell\7\pwsh.EXE -command ". '{0}'"
Production build (windows-latest)	Verify exact official Node runtime	2026-10-04T06:19:27.2371322Z ##[endgroup]
Production build (windows-latest)	Verify exact official Node runtime	2026-10-04T06:19:32.4937690Z {
Production build (windows-latest)	Verify exact official Node runtime	2026-10-04T06:19:32.4938284Z   "schemaVersion": 1,
Production build (windows-latest)	Verify exact official Node runtime	2026-10-04T06:19:32.4938911Z   "measuredAt": "2026-10-04T06:19:32.389Z",
Production build (windows-latest)	Verify exact official Node runtime	2026-10-04T06:19:32.4939574Z   "expectedVersion": "22.23.3",
Production build (windows-latest)	Verify exact official Node runtime	2026-10-04T06:19:32.4940149Z   "node": "22.23.3",
Production build (windows-latest)	Verify exact official Node runtime	2026-10-04T06:19:32.4940571Z   "libuv": "1.51.0",
Production build (windows-latest)	Verify exact official Node runtime	2026-10-04T06:19:32.4941029Z   "platform": "win32",
Production build (windows-latest)	Verify exact official Node runtime	2026-10-04T06:19:32.4941506Z   "architecture": "x64",
Production build (windows-latest)	Verify exact official Node runtime	2026-10-04T06:19:32.4942006Z   "osRelease": "10.0.26100",
Production build (windows-latest)	Verify exact official Node runtime	2026-10-04T06:19:32.4942767Z   "executableSha256": "9c9245166b4a8e182e0b797da9c20136117ff24368eaff1fec8343a123c8db0e",
Production build (windows-latest)	Verify exact official Node runtime	2026-10-04T06:19:32.4943693Z   "qualificationScope": "official CI runtime binary identity; installed application acceptance requires separate checks",
Production build (windows-latest)	Verify exact official Node runtime	2026-10-04T06:19:32.4944604Z   "signedChecksumsSha256": "4fe99a2ba9d552a6f51c13ed68fb11104cfa5df601aec616be689253a8139e7a",
Production build (windows-latest)	Verify exact official Node runtime	2026-10-04T06:19:32.4945208Z   "signingFingerprint": "5BE8A3F6C8A5C01D106C0AD820B1A390B168D356",
Production build (windows-latest)	Verify exact official Node runtime	2026-10-04T06:19:32.4945658Z   "sourceSha": "a5d11370e7a52d6ac92c82accb91fbce87784dd6",
Production build (windows-latest)	Verify exact official Node runtime	2026-10-04T06:19:32.4945992Z   "sourceTreeDirty": false,
Production build (windows-latest)	Verify exact official Node runtime	2026-10-04T06:19:32.4946437Z   "verifierSha256": "9a7b5e2b971454cc59bb8d03b6fc77a3ec8b0be1ef155f817709cb0b8690399a",
Production build (windows-latest)	Verify exact official Node runtime	2026-10-04T06:19:32.4947109Z   "binaryManifestSha256": "c143d1f9fcef870edb7bdb189717a4a92c0486764841aa724e7505c7e42bff9a",
Production build (windows-latest)	Verify exact official Node runtime	2026-10-04T06:19:32.4948199Z   "canonicalGuardSha256": "b3fde29811a79a880f84c95511b33e9dbd3e41ff38e8cafc89b0dad350ebeaba"
Production build (windows-latest)	Verify exact official Node runtime	2026-10-04T06:19:32.4948656Z }
Production build (windows-latest)	Qualify installed app and packed MCP packages on Node 22.23.3	﻿2026-10-04T06:19:32.6273036Z ##[group]Run set -euo pipefail
Production build (windows-latest)	Qualify installed app and packed MCP packages on Node 22.23.3	2026-10-04T06:19:32.6273453Z ^[[36;1mset -euo pipefail^[[0m
Production build (windows-latest)	Qualify installed app and packed MCP packages on Node 22.23.3	2026-10-04T06:19:32.6273713Z ^[[36;1mnpm ci --include=dev^[[0m
Production build (windows-latest)	Qualify installed app and packed MCP packages on Node 22.23.3	2026-10-04T06:19:32.6273942Z ^[[36;1mnpm run build^[[0m
Production build (windows-latest)	Qualify installed app and packed MCP packages on Node 22.23.3	2026-10-04T06:19:32.6274159Z ^[[36;1mnpm run typecheck:mcp^[[0m
Production build (windows-latest)	Qualify installed app and packed MCP packages on Node 22.23.3	2026-10-04T06:19:32.6274486Z ^[[36;1mnpm run validate:mcp-release^[[0m
Production build (windows-latest)	Qualify installed app and packed MCP packages on Node 22.23.3	2026-10-04T06:19:32.6274873Z ^[[36;1mnpm run smoke:mcp-artifacts^[[0m
Production build (windows-latest)	Qualify installed app and packed MCP packages on Node 22.23.3	2026-10-04T06:19:32.6293526Z shell: C:\Program Files\Git\bin\bash.EXE --noprofile --norc -e -o pipefail {0}
Production build (windows-latest)	Qualify installed app and packed MCP packages on Node 22.23.3	2026-10-04T06:19:32.6294043Z ##[endgroup]
Production build (windows-latest)	Qualify installed app and packed MCP packages on Node 22.23.3	2026-10-04T06:19:55.5268885Z npm warn deprecated inflight@1.0.6: This module is not supported, and leaks memory. Do not use it. Check out lru-cache if you want a good and tested way to coalesce async requests by a key value, which is much more comprehensive and powerful.
Production build (windows-latest)	Qualify installed app and packed MCP packages on Node 22.23.3	2026-10-04T06:19:56.4116196Z npm warn deprecated glob@7.2.3: Old versions of glob are not supported, and contain widely publicized security vulnerabilities, which have been fixed in the current version. Please update. Support for old versions may be purchased (at exorbitant rates) by contacting i@izs.me
Production build (windows-latest)	Qualify installed app and packed MCP packages on Node 22.23.3	2026-10-04T06:19:56.4866899Z npm warn deprecated whatwg-encoding@3.1.1: Use @exodus/bytes instead for a more spec-conformant and faster implementation
Production build (windows-latest)	Qualify installed app and packed MCP packages on Node 22.23.3	2026-10-04T06:20:00.2618177Z npm warn deprecated node-domexception@1.0.0: Use your platform's native DOMException instead
Production build (windows-latest)	Qualify installed app and packed MCP packages on Node 22.23.3	2026-10-04T06:20:02.1322800Z npm warn deprecated glob@10.5.0: Old versions of glob are not supported, and contain widely publicized security vulnerabilities, which have been fixed in the current version. Please update. Support for old versions may be purchased (at exorbitant rates) by contacting i@izs.me
Production build (windows-latest)	Qualify installed app and packed MCP packages on Node 22.23.3	2026-10-04T06:20:40.6473567Z 
Production build (windows-latest)	Qualify installed app and packed MCP packages on Node 22.23.3	2026-10-04T06:20:40.6474633Z added 1338 packages, and audited 1345 packages in 1m
Production build (windows-latest)	Qualify installed app and packed MCP packages on Node 22.23.3	2026-10-04T06:20:40.6475285Z 
Production build (windows-latest)	Qualify installed app and packed MCP packages on Node 22.23.3	2026-10-04T06:20:40.6475643Z 446 packages are looking for funding
Production build (windows-latest)	Qualify installed app and packed MCP packages on Node 22.23.3	2026-10-04T06:20:40.6476258Z   run `npm fund` for details
Production build (windows-latest)	Qualify installed app and packed MCP packages on Node 22.23.3	2026-10-04T06:20:40.6493041Z 
Production build (windows-latest)	Qualify installed app and packed MCP packages on Node 22.23.3	2026-10-04T06:20:40.6493545Z found 0 vulnerabilities
Production build (windows-latest)	Qualify installed app and packed MCP packages on Node 22.23.3	2026-10-04T06:20:44.7388577Z 
Production build (windows-latest)	Qualify installed app and packed MCP packages on Node 22.23.3	2026-10-04T06:20:44.7389263Z > flujo-ai@3.46.3 build
Production build (windows-latest)	Qualify installed app and packed MCP packages on Node 22.23.3	2026-10-04T06:20:44.7390162Z > npm run build:mcp && node --require ./scripts/exclude-workspaces-from-next-glob.cjs node_modules/next/dist/bin/next build --webpack
Production build (windows-latest)	Qualify installed app and packed MCP packages on Node 22.23.3	2026-10-04T06:20:44.7390741Z 
Production build (windows-latest)	Qualify installed app and packed MCP packages on Node 22.23.3	2026-10-04T06:20:45.0369962Z 
Production build (windows-latest)	Qualify installed app and packed MCP packages on Node 22.23.3	2026-10-04T06:20:45.0370665Z > flujo-ai@3.46.3 build:mcp
Production build (windows-latest)	Qualify installed app and packed MCP packages on Node 22.23.3	2026-10-04T06:20:45.0372229Z > npm run build -w @flujo-ai/mcp-shared && npm run build -w @mario.andreschak/mcp-filesystem && npm run build -w @mario.andreschak/mcp-bash && npm run build -w @mario.andreschak/mcp-browser && npm run build -w @mario.andreschak/mcp-flujo
Production build (windows-latest)	Qualify installed app and packed MCP packages on Node 22.23.3	2026-10-04T06:20:45.0373862Z 
Production build (windows-latest)	Qualify installed app and packed MCP packages on Node 22.23.3	2026-10-04T06:20:45.3752600Z 
Production build (windows-latest)	Qualify installed app and packed MCP packages on Node 22.23.3	2026-10-04T06:20:45.3753169Z > @flujo-ai/mcp-shared@0.1.0 build
Production build (windows-latest)	Qualify installed app and packed MCP packages on Node 22.23.3	2026-10-04T06:20:45.3753707Z > tsc -p tsconfig.json
Production build (windows-latest)	Qualify installed app and packed MCP packages on Node 22.23.3	2026-10-04T06:20:45.3753922Z 
Production build (windows-latest)	Qualify installed app and packed MCP packages on Node 22.23.3	2026-10-04T06:20:46.8384216Z 
Production build (windows-latest)	Qualify installed app and packed MCP packages on Node 22.23.3	2026-10-04T06:20:46.8385047Z > @mario.andreschak/mcp-filesystem@3.46.3 build
Production build (windows-latest)	Qualify installed app and packed MCP packages on Node 22.23.3	2026-10-04T06:20:46.8385831Z > tsc -p tsconfig.json && node ../embed-shared.mjs filesystem && node ../embed-runtime.mjs filesystem
Production build (windows-latest)	Qualify installed app and packed MCP packages on Node 22.23.3	2026-10-04T06:20:46.8386312Z 
Production build (windows-latest)	Qualify installed app and packed MCP packages on Node 22.23.3	2026-10-04T06:20:49.6553116Z 
Production build (windows-latest)	Qualify installed app and packed MCP packages on Node 22.23.3	2026-10-04T06:20:49.6553996Z > @mario.andreschak/mcp-bash@3.46.3 build
Production build (windows-latest)	Qualify installed app and packed MCP packages on Node 22.23.3	2026-10-04T06:20:49.6555164Z > tsc -p tsconfig.json && node ../embed-shared.mjs bash && node ../embed-runtime.mjs bash
Production build (windows-latest)	Qualify installed app and packed MCP packages on Node 22.23.3	2026-10-04T06:20:49.6555906Z 
Production build (windows-latest)	Qualify installed app and packed MCP packages on Node 22.23.3	2026-10-04T06:20:52.4950629Z 
Production build (windows-latest)	Qualify installed app and packed MCP packages on Node 22.23.3	2026-10-04T06:20:52.4951407Z > @mario.andreschak/mcp-browser@3.46.3 build
Production build (windows-latest)	Qualify installed app and packed MCP packages on Node 22.23.3	2026-10-04T06:20:52.4952192Z > tsc -p tsconfig.json && node ../embed-runtime.mjs browser
Production build (windows-latest)	Qualify installed app and packed MCP packages on Node 22.23.3	2026-10-04T06:20:52.4952571Z 
Production build (windows-latest)	Qualify installed app and packed MCP packages on Node 22.23.3	2026-10-04T06:20:55.8401900Z 
Production build (windows-latest)	Qualify installed app and packed MCP packages on Node 22.23.3	2026-10-04T06:20:55.8402738Z > @mario.andreschak/mcp-flujo@3.46.3 build
Production build (windows-latest)	Qualify installed app and packed MCP packages on Node 22.23.3	2026-10-04T06:20:55.8403774Z > tsc -p tsconfig.json && node ../embed-runtime.mjs flujo
Production build (windows-latest)	Qualify installed app and packed MCP packages on Node 22.23.3	2026-10-04T06:20:55.8404274Z 
Production build (windows-latest)	Qualify installed app and packed MCP packages on Node 22.23.3	2026-10-04T06:20:58.3778522Z ▲ Next.js 16.3.8 (webpack)
Production build (windows-latest)	Qualify installed app and packed MCP packages on Node 22.23.3	2026-10-04T06:20:58.4147230Z ✓ Running next.config.mjs took 36ms
Production build (windows-latest)	Qualify installed app and packed MCP packages on Node 22.23.3	2026-10-04T06:20:58.7488599Z - Experiments (use with caution):
Production build (windows-latest)	Qualify installed app and packed MCP packages on Node 22.23.3	2026-10-04T06:20:58.7493579Z   · proxyClientMaxBodySize: "100mb"
Production build (windows-latest)	Qualify installed app and packed MCP packages on Node 22.23.3	2026-10-04T06:20:58.7494751Z   ✓ webpackBuildWorker
Production build (windows-latest)	Qualify installed app and packed MCP packages on Node 22.23.3	2026-10-04T06:20:58.7495422Z   ✓ webpackMemoryOptimizations
Production build (windows-latest)	Qualify installed app and packed MCP packages on Node 22.23.3	2026-10-04T06:20:58.7495805Z 
Production build (windows-latest)	Qualify installed app and packed MCP packages on Node 22.23.3	2026-10-04T06:20:58.8376104Z   Creating an optimized production build ...
Production build (windows-latest)	Qualify installed app and packed MCP packages on Node 22.23.3	2026-10-04T06:20:59.8458934Z   Using tsconfig file: tsconfig.build.json
Production build (windows-latest)	Qualify installed app and packed MCP packages on Node 22.23.3	2026-10-04T06:22:21.5888569Z   Using tsconfig file: tsconfig.build.json
Production build (windows-latest)	Qualify installed app and packed MCP packages on Node 22.23.3	2026-10-04T06:22:23.2216187Z   Using tsconfig file: tsconfig.build.json
Production build (windows-latest)	Qualify installed app and packed MCP packages on Node 22.23.3	2026-10-04T06:22:42.1829491Z ✓ Compiled successfully in 99s
Production build (windows-latest)	Qualify installed app and packed MCP packages on Node 22.23.3	2026-10-04T06:22:42.2026316Z   Running TypeScript ...
Production build (windows-latest)	Qualify installed app and packed MCP packages on Node 22.23.3	2026-10-04T06:22:51.6301691Z   Finished TypeScript in 9.4s ...
Production build (windows-latest)	Qualify installed app and packed MCP packages on Node 22.23.3	2026-10-04T06:22:51.6373447Z   Collecting page data using 3 workers ...
Production build (windows-latest)	Qualify installed app and packed MCP packages on Node 22.23.3	2026-10-04T06:23:01.3384020Z   Generating static pages using 3 workers (0/122) ...
Production build (windows-latest)	Qualify installed app and packed MCP packages on Node 22.23.3	2026-10-04T06:23:11.2551937Z   Generating static pages using 3 workers (30/122) 
Production build (windows-latest)	Qualify installed app and packed MCP packages on Node 22.23.3	2026-10-04T06:23:13.6387903Z   Generating static pages using 3 workers (60/122) 
Production build (windows-latest)	Qualify installed app and packed MCP packages on Node 22.23.3	2026-10-04T06:23:15.4007800Z   Generating static pages using 3 workers (91/122) 
Production build (windows-latest)	Qualify installed app and packed MCP packages on Node 22.23.3	2026-10-04T06:23:17.1283851Z ✓ Generating static pages using 3 workers (122/122) in 15.8s
Production build (windows-latest)	Qualify installed app and packed MCP packages on Node 22.23.3	2026-10-04T06:23:19.7052490Z   Finalizing page optimization ...
Production build (windows-latest)	Qualify installed app and packed MCP packages on Node 22.23.3	2026-10-04T06:23:19.7053139Z   Collecting build traces ...
Production build (windows-latest)	Qualify installed app and packed MCP packages on Node 22.23.3	2026-10-04T06:23:32.9900877Z 
Production build (windows-latest)	Qualify installed app and packed MCP packages on Node 22.23.3	2026-10-04T06:23:32.9954633Z Route (app)
Production build (windows-latest)	Qualify installed app and packed MCP packages on Node 22.23.3	2026-10-04T06:23:32.9995734Z ┌ ○ /
Production build (windows-latest)	Qualify installed app and packed MCP packages on Node 22.23.3	2026-10-04T06:23:32.9997262Z ├ ○ /_not-found
Production build (windows-latest)	Qualify installed app and packed MCP packages on Node 22.23.3	2026-10-04T06:23:32.9998107Z ├ ƒ /api/approvals
Production build (windows-latest)	Qualify installed app and packed MCP packages on Node 22.23.3	2026-10-04T06:23:32.9999242Z ├ ƒ /api/approvals/[id]
Production build (windows-latest)	Qualify installed app and packed MCP packages on Node 22.23.3	2026-10-04T06:23:32.9999908Z ├ ƒ /api/automation-map
Production build (windows-latest)	Qualify installed app and packed MCP packages on Node 22.23.3	2026-10-04T06:23:33.0004355Z ├ ƒ /api/avatar/[voiceAction]
Production build (windows-latest)	Qualify installed app and packed MCP packages on Node 22.23.3	2026-10-04T06:23:33.0005005Z ├ ƒ /api/avatar/connections
Production build (windows-latest)	Qualify installed app and packed MCP packages on Node 22.23.3	2026-10-04T06:23:33.0005723Z ├ ƒ /api/avatar/remote/[voiceAction]
Production build (windows-latest)	Qualify installed app and packed MCP packages on Node 22.23.3	2026-10-04T06:23:33.0006433Z ├ ƒ /api/avatar/remote/availability
Production build (windows-latest)	Qualify installed app and packed MCP packages on Node 22.23.3	2026-10-04T06:23:33.0007076Z ├ ƒ /api/avatar/voice
Production build (windows-latest)	Qualify installed app and packed MCP packages on Node 22.23.3	2026-10-04T06:23:33.0007669Z ├ ƒ /api/avatar/work-model
Production build (windows-latest)	Qualify installed app and packed MCP packages on Node 22.23.3	2026-10-04T06:23:33.0008249Z ├ ƒ /api/avatar/world
Production build (windows-latest)	Qualify installed app and packed MCP packages on Node 22.23.3	2026-10-04T06:23:33.0009222Z ├ ƒ /api/backup
Production build (windows-latest)	Qualify installed app and packed MCP packages on Node 22.23.3	2026-10-04T06:23:33.0009764Z ├ ƒ /api/browse
Production build (windows-latest)	Qualify installed app and packed MCP packages on Node 22.23.3	2026-10-04T06:23:33.0010269Z ├ ƒ /api/bugs/enhance
Production build (windows-latest)	Qualify installed app and packed MCP packages on Node 22.23.3	2026-10-04T06:23:33.0010767Z ├ ƒ /api/cloud/instance
Production build (windows-latest)	Qualify installed app and packed MCP packages on Node 22.23.3	2026-10-04T06:23:33.0011269Z ├ ƒ /api/cwd
Production build (windows-latest)	Qualify installed app and packed MCP packages on Node 22.23.3	2026-10-04T06:23:33.0011743Z ├ ƒ /api/encryption/secure
Production build (windows-latest)	Qualify installed app and packed MCP packages on Node 22.23.3	2026-10-04T06:23:33.0012243Z ├ ƒ /api/env
Production build (windows-latest)	Qualify installed app and packed MCP packages on Node 22.23.3	2026-10-04T06:23:33.0012661Z ├ ƒ /api/flow
Production build (windows-latest)	Qualify installed app and packed MCP packages on Node 22.23.3	2026-10-04T06:23:33.0013080Z ├ ƒ /api/flow/[id]
Production build (windows-latest)	Qualify installed app and packed MCP packages on Node 22.23.3	2026-10-04T06:23:33.0013756Z ├ ƒ /api/flow/[id]/convert-process-to-subflow
Production build (windows-latest)	Qualify installed app and packed MCP packages on Node 22.23.3	2026-10-04T06:23:33.0014483Z ├ ƒ /api/flow/[id]/versions
Production build (windows-latest)	Qualify installed app and packed MCP packages on Node 22.23.3	2026-10-04T06:23:33.0015128Z ├ ƒ /api/flow/[id]/versions/[versionId]
Production build (windows-latest)	Qualify installed app and packed MCP packages on Node 22.23.3	2026-10-04T06:23:33.0015744Z ├ ƒ /api/flow/assist
Production build (windows-latest)	Qualify installed app and packed MCP packages on Node 22.23.3	2026-10-04T06:23:33.0016298Z ├ ƒ /api/flow/compile
Production build (windows-latest)	Qualify installed app and packed MCP packages on Node 22.23.3	2026-10-04T06:23:33.0016831Z ├ ƒ /api/flow/generate
Production build (windows-latest)	Qualify installed app and packed MCP packages on Node 22.23.3	2026-10-04T06:23:33.0017483Z ├ ƒ /api/flow/generate/visual
Production build (windows-latest)	Qualify installed app and packed MCP packages on Node 22.23.3	2026-10-04T06:23:33.0018096Z ├ ƒ /api/flow/generator
Production build (windows-latest)	Qualify installed app and packed MCP packages on Node 22.23.3	2026-10-04T06:23:33.0018624Z ├ ƒ /api/flow/improve
Production build (windows-latest)	Qualify installed app and packed MCP packages on Node 22.23.3	2026-10-04T06:23:33.0019188Z ├ ƒ /api/flow/model-agent
Production build (windows-latest)	Qualify installed app and packed MCP packages on Node 22.23.3	2026-10-04T06:23:33.0019781Z ├ ƒ /api/flow/prompt-renderer
Production build (windows-latest)	Qualify installed app and packed MCP packages on Node 22.23.3	2026-10-04T06:23:33.0020425Z ├ ƒ /api/flow/quick-chat
Production build (windows-latest)	Qualify installed app and packed MCP packages on Node 22.23.3	2026-10-04T06:23:33.0020823Z ├ ƒ /api/flow/repair
Production build (windows-latest)	Qualify installed app and packed MCP packages on Node 22.23.3	2026-10-04T06:23:33.0021155Z ├ ƒ /api/git
Production build (windows-latest)	Qualify installed app and packed MCP packages on Node 22.23.3	2026-10-04T06:23:33.0021430Z ├ ƒ /api/init
Production build (windows-latest)	Qualify installed app and packed MCP packages on Node 22.23.3	2026-10-04T06:23:33.0021765Z ├ ƒ /api/local-models/capability
Production build (windows-latest)	Qualify installed app and packed MCP packages on Node 22.23.3	2026-10-04T06:23:33.0022360Z ├ ƒ /api/local-models/pull
Production build (windows-latest)	Qualify installed app and packed MCP packages on Node 22.23.3	2026-10-04T06:23:33.0022925Z ├ ƒ /api/local-models/suggest
Production build (windows-latest)	Qualify installed app and packed MCP packages on Node 22.23.3	2026-10-04T06:23:33.0023505Z ├ ƒ /api/mcp-registry
Production build (windows-latest)	Qualify installed app and packed MCP packages on Node 22.23.3	2026-10-04T06:23:33.0024108Z ├ ƒ /api/mcp-registry/spotlight
Production build (windows-latest)	Qualify installed app and packed MCP packages on Node 22.23.3	2026-10-04T06:23:33.0024642Z ├ ƒ /api/mcp/app-consent
Production build (windows-latest)	Qualify installed app and packed MCP packages on Node 22.23.3	2026-10-04T06:23:33.0025185Z ├ ƒ /api/mcp/app-sandbox
Production build (windows-latest)	Qualify installed app and packed MCP packages on Node 22.23.3	2026-10-04T06:23:33.0025684Z ├ ƒ /api/mcp/assistant
Production build (windows-latest)	Qualify installed app and packed MCP packages on Node 22.23.3	2026-10-04T06:23:33.0026193Z ├ ƒ /api/mcp/cancel
Production build (windows-latest)	Qualify installed app and packed MCP packages on Node 22.23.3	2026-10-04T06:23:33.0026645Z ├ ƒ /api/mcp/flujo/authoring
Production build (windows-latest)	Qualify installed app and packed MCP packages on Node 22.23.3	2026-10-04T06:23:33.0027199Z ├ ƒ /api/mcp/flujo/automation
Production build (windows-latest)	Qualify installed app and packed MCP packages on Node 22.23.3	2026-10-04T06:23:33.0027713Z ├ ƒ /api/mcp/flujo/flows
Production build (windows-latest)	Qualify installed app and packed MCP packages on Node 22.23.3	2026-10-04T06:23:33.0028262Z ├ ƒ /api/mcp/flujo/resources
Production build (windows-latest)	Qualify installed app and packed MCP packages on Node 22.23.3	2026-10-04T06:23:33.0029167Z ├ ƒ /api/mcp/flujo/resources/read
Production build (windows-latest)	Qualify installed app and packed MCP packages on Node 22.23.3	2026-10-04T06:23:33.0030932Z ├ ƒ /api/mcp/flujo/servers
Production build (windows-latest)	Qualify installed app and packed MCP packages on Node 22.23.3	2026-10-04T06:23:33.0031495Z ├ ƒ /api/mcp/flujo/skills
Production build (windows-latest)	Qualify installed app and packed MCP packages on Node 22.23.3	2026-10-04T06:23:33.0031933Z ├ ƒ /api/mcp/flujo/state
Production build (windows-latest)	Qualify installed app and packed MCP packages on Node 22.23.3	2026-10-04T06:23:33.0032470Z ├ ƒ /api/mcp/flujo/tools
Production build (windows-latest)	Qualify installed app and packed MCP packages on Node 22.23.3	2026-10-04T06:23:33.0032985Z ├ ƒ /api/mcp/oauth-capability
Production build (windows-latest)	Qualify installed app and packed MCP packages on Node 22.23.3	2026-10-04T06:23:33.0033501Z ├ ƒ /api/mcp/servers
Production build (windows-latest)	Qualify installed app and packed MCP packages on Node 22.23.3	2026-10-04T06:23:33.0033975Z ├ ƒ /api/mcp/servers/[name]
Production build (windows-latest)	Qualify installed app and packed MCP packages on Node 22.23.3	2026-10-04T06:23:33.0034460Z ├ ƒ /api/mcp/servers/[name]/prompts
Production build (windows-latest)	Qualify installed app and packed MCP packages on Node 22.23.3	2026-10-04T06:23:33.0035069Z ├ ƒ /api/mcp/servers/[name]/prompts/get
Production build (windows-latest)	Qualify installed app and packed MCP packages on Node 22.23.3	2026-10-04T06:23:33.0035663Z ├ ƒ /api/mcp/servers/[name]/resources
Production build (windows-latest)	Qualify installed app and packed MCP packages on Node 22.23.3	2026-10-04T06:23:33.0036368Z ├ ƒ /api/mcp/servers/[name]/resources/read
Production build (windows-latest)	Qualify installed app and packed MCP packages on Node 22.23.3	2026-10-04T06:23:33.0037019Z ├ ƒ /api/mcp/servers/[name]/skills
Production build (windows-latest)	Qualify installed app and packed MCP packages on Node 22.23.3	2026-10-04T06:23:33.0037693Z ├ ƒ /api/mcp/servers/[name]/skills/approve
Production build (windows-latest)	Qualify installed app and packed MCP packages on Node 22.23.3	2026-10-04T06:23:33.0038348Z ├ ƒ /api/mcp/servers/[name]/skills/get
Production build (windows-latest)	Qualify installed app and packed MCP packages on Node 22.23.3	2026-10-04T06:23:33.0039055Z ├ ƒ /api/mcp/servers/[name]/skills/load
Production build (windows-latest)	Qualify installed app and packed MCP packages on Node 22.23.3	2026-10-04T06:23:33.0039585Z ├ ƒ /api/mcp/servers/[name]/status
Production build (windows-latest)	Qualify installed app and packed MCP packages on Node 22.23.3	2026-10-04T06:23:33.0040199Z ├ ƒ /api/mcp/servers/[name]/stdio-oauth/confirm
Production build (windows-latest)	Qualify installed app and packed MCP packages on Node 22.23.3	2026-10-04T06:23:33.0040935Z ├ ƒ /api/mcp/servers/[name]/stdio-oauth/start
Production build (windows-latest)	Qualify installed app and packed MCP packages on Node 22.23.3	2026-10-04T06:23:33.0041543Z ├ ƒ /api/mcp/servers/[name]/tools
Production build (windows-latest)	Qualify installed app and packed MCP packages on Node 22.23.3	2026-10-04T06:23:33.0042265Z ├ ƒ /api/mcp/servers/[name]/tools/[toolName]
Production build (windows-latest)	Qualify installed app and packed MCP packages on Node 22.23.3	2026-10-04T06:23:33.0043084Z ├ ƒ /api/mcp/servers/[name]/tools/[toolName]/stream
Production build (windows-latest)	Qualify installed app and packed MCP packages on Node 22.23.3	2026-10-04T06:23:33.0043751Z ├ ƒ /api/mcp/test-connection
Production build (windows-latest)	Qualify installed app and packed MCP packages on Node 22.23.3	2026-10-04T06:23:33.0044355Z ├ ƒ /api/mcp/test-connection/stream
Production build (windows-latest)	Qualify installed app and packed MCP packages on Node 22.23.3	2026-10-04T06:23:33.0045198Z ├ ƒ /api/model
Production build (windows-latest)	Qualify installed app and packed MCP packages on Node 22.23.3	2026-10-04T06:23:33.0045725Z ├ ƒ /api/model/[id]
Production build (windows-latest)	Qualify installed app and packed MCP packages on Node 22.23.3	2026-10-04T06:23:33.0046336Z ├ ƒ /api/model/provider
Production build (windows-latest)	Qualify installed app and packed MCP packages on Node 22.23.3	2026-10-04T06:23:33.0046903Z ├ ƒ /api/model/test
Production build (windows-latest)	Qualify installed app and packed MCP packages on Node 22.23.3	2026-10-04T06:23:33.0047934Z ├ ƒ /api/network-exposure
Production build (windows-latest)	Qualify installed app and packed MCP packages on Node 22.23.3	2026-10-04T06:23:33.0048559Z ├ ƒ /api/oauth/callback
Production build (windows-latest)	Qualify installed app and packed MCP packages on Node 22.23.3	2026-10-04T06:23:33.0049530Z ├ ƒ /api/oauth/initiate
Production build (windows-latest)	Qualify installed app and packed MCP packages on Node 22.23.3	2026-10-04T06:23:33.0050123Z ├ ƒ /api/oauth/reset
Production build (windows-latest)	Qualify installed app and packed MCP packages on Node 22.23.3	2026-10-04T06:23:33.0050653Z ├ ƒ /api/packages/build
Production build (windows-latest)	Qualify installed app and packed MCP packages on Node 22.23.3	2026-10-04T06:23:33.0051265Z ├ ƒ /api/packages/derive-secrets
Production build (windows-latest)	Qualify installed app and packed MCP packages on Node 22.23.3	2026-10-04T06:23:33.0052011Z ├ ƒ /api/packages/install
Production build (windows-latest)	Qualify installed app and packed MCP packages on Node 22.23.3	2026-10-04T06:23:33.0052735Z ├ ƒ /api/packages/install/status
Production build (windows-latest)	Qualify installed app and packed MCP packages on Node 22.23.3	2026-10-04T06:23:33.0053393Z ├ ƒ /api/packages/installed
Production build (windows-latest)	Qualify installed app and packed MCP packages on Node 22.23.3	2026-10-04T06:23:33.0054060Z ├ ƒ /api/packages/resolve
Production build (windows-latest)	Qualify installed app and packed MCP packages on Node 22.23.3	2026-10-04T06:23:33.0054691Z ├ ƒ /api/packages/scan-targets
Production build (windows-latest)	Qualify installed app and packed MCP packages on Node 22.23.3	2026-10-04T06:23:33.0055278Z ├ ƒ /api/packages/search
Production build (windows-latest)	Qualify installed app and packed MCP packages on Node 22.23.3	2026-10-04T06:23:33.0055853Z ├ ƒ /api/packages/uninstall
Production build (windows-latest)	Qualify installed app and packed MCP packages on Node 22.23.3	2026-10-04T06:23:33.0056405Z ├ ƒ /api/persona-recovery
Production build (windows-latest)	Qualify installed app and packed MCP packages on Node 22.23.3	2026-10-04T06:23:33.0057037Z ├ ƒ /api/planned-executions
Production build (windows-latest)	Qualify installed app and packed MCP packages on Node 22.23.3	2026-10-04T06:23:33.0057691Z ├ ƒ /api/planned-executions/[id]
Production build (windows-latest)	Qualify installed app and packed MCP packages on Node 22.23.3	2026-10-04T06:23:33.0058397Z ├ ƒ /api/planned-executions/[id]/run
Production build (windows-latest)	Qualify installed app and packed MCP packages on Node 22.23.3	2026-10-04T06:23:33.0059100Z ├ ƒ /api/planned-executions/[id]/runs
Production build (windows-latest)	Qualify installed app and packed MCP packages on Node 22.23.3	2026-10-04T06:23:33.0059918Z ├ ƒ /api/planned-executions/[id]/worker-recovery
Production build (windows-latest)	Qualify installed app and packed MCP packages on Node 22.23.3	2026-10-04T06:23:33.0060745Z ├ ƒ /api/planned-executions/preview-schedule
Production build (windows-latest)	Qualify installed app and packed MCP packages on Node 22.23.3	2026-10-04T06:23:33.0061492Z ├ ƒ /api/planned-executions/reconcile
Production build (windows-latest)	Qualify installed app and packed MCP packages on Node 22.23.3	2026-10-04T06:23:33.0062221Z ├ ƒ /api/reference-search/files
Production build (windows-latest)	Qualify installed app and packed MCP packages on Node 22.23.3	2026-10-04T06:23:33.0062838Z ├ ƒ /api/registry/auth
Production build (windows-latest)	Qualify installed app and packed MCP packages on Node 22.23.3	2026-10-04T06:23:33.0063450Z ├ ƒ /api/registry/auth/resend
Production build (windows-latest)	Qualify installed app and packed MCP packages on Node 22.23.3	2026-10-04T06:23:33.0064064Z ├ ƒ /api/registry/auth/reset
Production build (windows-latest)	Qualify installed app and packed MCP packages on Node 22.23.3	2026-10-04T06:23:33.0064701Z ├ ƒ /api/registry/feedback
Production build (windows-latest)	Qualify installed app and packed MCP packages on Node 22.23.3	2026-10-04T06:23:33.0065331Z ├ ƒ /api/registry/oauth/callback
Production build (windows-latest)	Qualify installed app and packed MCP packages on Node 22.23.3	2026-10-04T06:23:33.0066025Z ├ ƒ /api/registry/oauth/initiate
Production build (windows-latest)	Qualify installed app and packed MCP packages on Node 22.23.3	2026-10-04T06:23:33.0066648Z ├ ƒ /api/registry/packages
Production build (windows-latest)	Qualify installed app and packed MCP packages on Node 22.23.3	2026-10-04T06:23:33.0067219Z ├ ƒ /api/registry/publish
Production build (windows-latest)	Qualify installed app and packed MCP packages on Node 22.23.3	2026-10-04T06:23:33.0067774Z ├ ƒ /api/registry/settings
Production build (windows-latest)	Qualify installed app and packed MCP packages on Node 22.23.3	2026-10-04T06:23:33.0068271Z ├ ƒ /api/restore
Production build (windows-latest)	Qualify installed app and packed MCP packages on Node 22.23.3	2026-10-04T06:23:33.0068798Z ├ ƒ /api/runs/active
Production build (windows-latest)	Qualify installed app and packed MCP packages on Node 22.23.3	2026-10-04T06:23:33.0069614Z ├ ƒ /api/runtime-environment
Production build (windows-latest)	Qualify installed app and packed MCP packages on Node 22.23.3	2026-10-04T06:23:33.0070166Z ├ ƒ /api/setup/ai-cli
Production build (windows-latest)	Qualify installed app and packed MCP packages on Node 22.23.3	2026-10-04T06:23:33.0070666Z ├ ƒ /api/snapshot/abort
Production build (windows-latest)	Qualify installed app and packed MCP packages on Node 22.23.3	2026-10-04T06:23:33.0071156Z ├ ƒ /api/snapshot/begin
Production build (windows-latest)	Qualify installed app and packed MCP packages on Node 22.23.3	2026-10-04T06:23:33.0071678Z ├ ƒ /api/snapshot/download
Production build (windows-latest)	Qualify installed app and packed MCP packages on Node 22.23.3	2026-10-04T06:23:33.0072192Z ├ ƒ /api/snapshot/finalize
Production build (windows-latest)	Qualify installed app and packed MCP packages on Node 22.23.3	2026-10-04T06:23:33.0072729Z ├ ƒ /api/snapshot/info
Production build (windows-latest)	Qualify installed app and packed MCP packages on Node 22.23.3	2026-10-04T06:23:33.0073226Z ├ ƒ /api/snapshot/status
Production build (windows-latest)	Qualify installed app and packed MCP packages on Node 22.23.3	2026-10-04T06:23:33.0074036Z ├ ƒ /api/snapshots
Production build (windows-latest)	Qualify installed app and packed MCP packages on Node 22.23.3	2026-10-04T06:23:33.0074523Z ├ ƒ /api/snapshots/cleanup
Production build (windows-latest)	Qualify installed app and packed MCP packages on Node 22.23.3	2026-10-04T06:23:33.0075081Z ├ ƒ /api/snapshots/open-folder
Production build (windows-latest)	Qualify installed app and packed MCP packages on Node 22.23.3	2026-10-04T06:23:33.0075641Z ├ ƒ /api/statistics
Production build (windows-latest)	Qualify installed app and packed MCP packages on Node 22.23.3	2026-10-04T06:23:33.0076086Z ├ ƒ /api/storage
Production build (windows-latest)	Qualify installed app and packed MCP packages on Node 22.23.3	2026-10-04T06:23:33.0076642Z ├ ƒ /api/telemetry/daily-active
Production build (windows-latest)	Qualify installed app and packed MCP packages on Node 22.23.3	2026-10-04T06:23:33.0077137Z ├ ƒ /api/tickets
Production build (windows-latest)	Qualify installed app and packed MCP packages on Node 22.23.3	2026-10-04T06:23:33.0077628Z ├ ƒ /api/tickets/[id]
Production build (windows-latest)	Qualify installed app and packed MCP packages on Node 22.23.3	2026-10-04T06:23:33.0078100Z ├ ƒ /api/transcription
Production build (windows-latest)	Qualify installed app and packed MCP packages on Node 22.23.3	2026-10-04T06:23:33.0078608Z ├ ƒ /api/update
Production build (windows-latest)	Qualify installed app and packed MCP packages on Node 22.23.3	2026-10-04T06:23:33.0079028Z ├ ƒ /api/waves
Production build (windows-latest)	Qualify installed app and packed MCP packages on Node 22.23.3	2026-10-04T06:23:33.0079481Z ├ ƒ /api/webhooks/[id]
Production build (windows-latest)	Qualify installed app and packed MCP packages on Node 22.23.3	2026-10-04T06:23:33.0080001Z ├ ƒ /api/worker/status
Production build (windows-latest)	Qualify installed app and packed MCP packages on Node 22.23.3	2026-10-04T06:23:33.0080472Z ├ ƒ /api/workspaces
Production build (windows-latest)	Qualify installed app and packed MCP packages on Node 22.23.3	2026-10-04T06:23:33.0080991Z ├ ○ /automation/triggers
Production build (windows-latest)	Qualify installed app and packed MCP packages on Node 22.23.3	2026-10-04T06:23:33.0081485Z ├ ○ /automation/waves
Production build (windows-latest)	Qualify installed app and packed MCP packages on Node 22.23.3	2026-10-04T06:23:33.0081968Z ├ ○ /chain-chat
Production build (windows-latest)	Qualify installed app and packed MCP packages on Node 22.23.3	2026-10-04T06:23:33.0082377Z ├ ○ /chat
Production build (windows-latest)	Qualify installed app and packed MCP packages on Node 22.23.3	2026-10-04T06:23:33.0082762Z ├ ○ /docs
Production build (windows-latest)	Qualify installed app and packed MCP packages on Node 22.23.3	2026-10-04T06:23:33.0083194Z ├ ○ /executions
Production build (windows-latest)	Qualify installed app and packed MCP packages on Node 22.23.3	2026-10-04T06:23:33.0083633Z ├ ○ /flows
Production build (windows-latest)	Qualify installed app and packed MCP packages on Node 22.23.3	2026-10-04T06:23:33.0084048Z ├ ○ /mcp
Production build (windows-latest)	Qualify installed app and packed MCP packages on Node 22.23.3	2026-10-04T06:23:33.0084450Z ├ ƒ /mcp-flows
Production build (windows-latest)	Qualify installed app and packed MCP packages on Node 22.23.3	2026-10-04T06:23:33.0084931Z ├ ƒ /mcp-proxy/[server]
Production build (windows-latest)	Qualify installed app and packed MCP packages on Node 22.23.3	2026-10-04T06:23:33.0085386Z ├ ○ /meetings
Production build (windows-latest)	Qualify installed app and packed MCP packages on Node 22.23.3	2026-10-04T06:23:33.0085787Z ├ ƒ /models
Production build (windows-latest)	Qualify installed app and packed MCP packages on Node 22.23.3	2026-10-04T06:23:33.0086227Z ├ ○ /packages
Production build (windows-latest)	Qualify installed app and packed MCP packages on Node 22.23.3	2026-10-04T06:23:33.0086645Z ├ ○ /personas
Production build (windows-latest)	Qualify installed app and packed MCP packages on Node 22.23.3	2026-10-04T06:23:33.0087141Z ├ ƒ /personas/[personaId]
Production build (windows-latest)	Qualify installed app and packed MCP packages on Node 22.23.3	2026-10-04T06:23:33.0087638Z ├ ○ /roles
Production build (windows-latest)	Qualify installed app and packed MCP packages on Node 22.23.3	2026-10-04T06:23:33.0088093Z ├ ƒ /roles/[roleId]
Production build (windows-latest)	Qualify installed app and packed MCP packages on Node 22.23.3	2026-10-04T06:23:33.0088782Z ├ ƒ /roles/[roleId]/edit
Production build (windows-latest)	Qualify installed app and packed MCP packages on Node 22.23.3	2026-10-04T06:23:33.0089590Z ├ ○ /roles/new
Production build (windows-latest)	Qualify installed app and packed MCP packages on Node 22.23.3	2026-10-04T06:23:33.0090009Z ├ ○ /settings
Production build (windows-latest)	Qualify installed app and packed MCP packages on Node 22.23.3	2026-10-04T06:23:33.0090473Z ├ ○ /statistics
Production build (windows-latest)	Qualify installed app and packed MCP packages on Node 22.23.3	2026-10-04T06:23:33.0090942Z ├ ƒ /v1/chat/completions
Production build (windows-latest)	Qualify installed app and packed MCP packages on Node 22.23.3	2026-10-04T06:23:33.0091498Z ├ ƒ /v1/chat/conversation-chains
Production build (windows-latest)	Qualify installed app and packed MCP packages on Node 22.23.3	2026-10-04T06:23:33.0092087Z ├ ƒ /v1/chat/conversations
Production build (windows-latest)	Qualify installed app and packed MCP packages on Node 22.23.3	2026-10-04T06:23:33.0092702Z ├ ƒ /v1/chat/conversations/[conversationId]
Production build (windows-latest)	Qualify installed app and packed MCP packages on Node 22.23.3	2026-10-04T06:23:33.0093508Z ├ ƒ /v1/chat/conversations/[conversationId]/breakpoints
Production build (windows-latest)	Qualify installed app and packed MCP packages on Node 22.23.3	2026-10-04T06:23:33.0094319Z ├ ƒ /v1/chat/conversations/[conversationId]/cancel
Production build (windows-latest)	Qualify installed app and packed MCP packages on Node 22.23.3	2026-10-04T06:23:33.0095139Z ├ ƒ /v1/chat/conversations/[conversationId]/debug/attach
Production build (windows-latest)	Qualify installed app and packed MCP packages on Node 22.23.3	2026-10-04T06:23:33.0095939Z ├ ƒ /v1/chat/conversations/[conversationId]/debug/continue
Production build (windows-latest)	Qualify installed app and packed MCP packages on Node 22.23.3	2026-10-04T06:23:33.0096796Z ├ ƒ /v1/chat/conversations/[conversationId]/debug/state
Production build (windows-latest)	Qualify installed app and packed MCP packages on Node 22.23.3	2026-10-04T06:23:33.0097591Z ├ ƒ /v1/chat/conversations/[conversationId]/debug/step
Production build (windows-latest)	Qualify installed app and packed MCP packages on Node 22.23.3	2026-10-04T06:23:33.0098383Z ├ ƒ /v1/chat/conversations/[conversationId]/edit-state
Production build (windows-latest)	Qualify installed app and packed MCP packages on Node 22.23.3	2026-10-04T06:23:33.0099202Z ├ ƒ /v1/chat/conversations/[conversationId]/events
Production build (windows-latest)	Qualify installed app and packed MCP packages on Node 22.23.3	2026-10-04T06:23:33.0099955Z ├ ƒ /v1/chat/conversations/[conversationId]/inject
Production build (windows-latest)	Qualify installed app and packed MCP packages on Node 22.23.3	2026-10-04T06:23:33.0100762Z ├ ƒ /v1/chat/conversations/[conversationId]/model-turns
Production build (windows-latest)	Qualify installed app and packed MCP packages on Node 22.23.3	2026-10-04T06:23:33.0101670Z ├ ƒ /v1/chat/conversations/[conversationId]/model-turns/[dispatchId]
Production build (windows-latest)	Qualify installed app and packed MCP packages on Node 22.23.3	2026-10-04T06:23:33.0102861Z ├ ƒ /v1/chat/conversations/[conversationId]/model-turns/[dispatchId]/media/[mediaId]
Production build (windows-latest)	Qualify installed app and packed MCP packages on Node 22.23.3	2026-10-04T06:23:33.0103829Z ├ ƒ /v1/chat/conversations/[conversationId]/recovery
Production build (windows-latest)	Qualify installed app and packed MCP packages on Node 22.23.3	2026-10-04T06:23:33.0104644Z ├ ƒ /v1/chat/conversations/[conversationId]/resources
Production build (windows-latest)	Qualify installed app and packed MCP packages on Node 22.23.3	2026-10-04T06:23:33.0105614Z ├ ƒ /v1/chat/conversations/[conversationId]/resources/[resourceId]/content
Production build (windows-latest)	Qualify installed app and packed MCP packages on Node 22.23.3	2026-10-04T06:23:33.0106534Z ├ ƒ /v1/chat/conversations/[conversationId]/respond
Production build (windows-latest)	Qualify installed app and packed MCP packages on Node 22.23.3	2026-10-04T06:23:33.0107254Z ├ ƒ /v1/chat/conversations/[conversationId]/revert
Production build (windows-latest)	Qualify installed app and packed MCP packages on Node 22.23.3	2026-10-04T06:23:33.0108084Z ├ ƒ /v1/chat/conversations/[conversationId]/wire-preview
Production build (windows-latest)	Qualify installed app and packed MCP packages on Node 22.23.3	2026-10-04T06:23:33.0108743Z ├ ƒ /v1/chat/events
Production build (windows-latest)	Qualify installed app and packed MCP packages on Node 22.23.3	2026-10-04T06:23:33.0109264Z ├ ƒ /v1/flows/[flowRef]/readiness
Production build (windows-latest)	Qualify installed app and packed MCP packages on Node 22.23.3	2026-10-04T06:23:33.0110115Z ├ ƒ /v1/meetings
Production build (windows-latest)	Qualify installed app and packed MCP packages on Node 22.23.3	2026-10-04T06:23:33.0110613Z ├ ƒ /v1/meetings/[meetingId]
Production build (windows-latest)	Qualify installed app and packed MCP packages on Node 22.23.3	2026-10-04T06:23:33.0111239Z ├ ƒ /v1/meetings/[meetingId]/cancel
Production build (windows-latest)	Qualify installed app and packed MCP packages on Node 22.23.3	2026-10-04T06:23:33.0111866Z ├ ƒ /v1/meetings/[meetingId]/events
Production build (windows-latest)	Qualify installed app and packed MCP packages on Node 22.23.3	2026-10-04T06:23:33.0112521Z ├ ƒ /v1/meetings/[meetingId]/interventions
Production build (windows-latest)	Qualify installed app and packed MCP packages on Node 22.23.3	2026-10-04T06:23:33.0113191Z ├ ƒ /v1/meetings/[meetingId]/private-notes
Production build (windows-latest)	Qualify installed app and packed MCP packages on Node 22.23.3	2026-10-04T06:23:33.0113853Z ├ ƒ /v1/meetings/[meetingId]/resume
Production build (windows-latest)	Qualify installed app and packed MCP packages on Node 22.23.3	2026-10-04T06:23:33.0114676Z ├ ƒ /v1/meetings/[meetingId]/start
Production build (windows-latest)	Qualify installed app and packed MCP packages on Node 22.23.3	2026-10-04T06:23:33.0115182Z ├ ƒ /v1/models
Production build (windows-latest)	Qualify installed app and packed MCP packages on Node 22.23.3	2026-10-04T06:23:33.0115666Z ├ ƒ /v1/persona-drafts
Production build (windows-latest)	Qualify installed app and packed MCP packages on Node 22.23.3	2026-10-04T06:23:33.0116226Z ├ ƒ /v1/persona-drafts/[draftId]
Production build (windows-latest)	Qualify installed app and packed MCP packages on Node 22.23.3	2026-10-04T06:23:33.0116774Z ├ ƒ /v1/personas
Production build (windows-latest)	Qualify installed app and packed MCP packages on Node 22.23.3	2026-10-04T06:23:33.0117275Z ├ ƒ /v1/personas/[personaId]
Production build (windows-latest)	Qualify installed app and packed MCP packages on Node 22.23.3	2026-10-04T06:23:33.0117915Z ├ ƒ /v1/personas/[personaId]/app-grants
Production build (windows-latest)	Qualify installed app and packed MCP packages on Node 22.23.3	2026-10-04T06:23:33.0118721Z ├ ƒ /v1/personas/[personaId]/app-grants/[grantId]
Production build (windows-latest)	Qualify installed app and packed MCP packages on Node 22.23.3	2026-10-04T06:23:33.0119681Z ├ ƒ /v1/personas/[personaId]/app-grants/[grantId]/launch
Production build (windows-latest)	Qualify installed app and packed MCP packages on Node 22.23.3	2026-10-04T06:23:33.0120533Z ├ ƒ /v1/personas/[personaId]/behaviors/[behaviorId]/activate
Production build (windows-latest)	Qualify installed app and packed MCP packages on Node 22.23.3	2026-10-04T06:23:33.0121303Z ├ ƒ /v1/personas/[personaId]/composition
Production build (windows-latest)	Qualify installed app and packed MCP packages on Node 22.23.3	2026-10-04T06:23:33.0121961Z ├ ƒ /v1/personas/[personaId]/composition/behaviors
Production build (windows-latest)	Qualify installed app and packed MCP packages on Node 22.23.3	2026-10-04T06:23:33.0122650Z ├ ƒ /v1/personas/[personaId]/composition/copy
Production build (windows-latest)	Qualify installed app and packed MCP packages on Node 22.23.3	2026-10-04T06:23:33.0123398Z ├ ƒ /v1/personas/[personaId]/deletion-preview
Production build (windows-latest)	Qualify installed app and packed MCP packages on Node 22.23.3	2026-10-04T06:23:33.0124099Z ├ ƒ /v1/personas/[personaId]/execution-preview
Production build (windows-latest)	Qualify installed app and packed MCP packages on Node 22.23.3	2026-10-04T06:23:33.0124828Z ├ ƒ /v1/personas/[personaId]/export
Production build (windows-latest)	Qualify installed app and packed MCP packages on Node 22.23.3	2026-10-04T06:23:33.0125478Z ├ ƒ /v1/personas/[personaId]/export-preview
Production build (windows-latest)	Qualify installed app and packed MCP packages on Node 22.23.3	2026-10-04T06:23:33.0126188Z ├ ƒ /v1/personas/[personaId]/improvements
Production build (windows-latest)	Qualify installed app and packed MCP packages on Node 22.23.3	2026-10-04T06:23:33.0126979Z ├ ƒ /v1/personas/[personaId]/improvements/[proposalId]/apply
Production build (windows-latest)	Qualify installed app and packed MCP packages on Node 22.23.3	2026-10-04T06:23:33.0127907Z ├ ƒ /v1/personas/[personaId]/improvements/[proposalId]/promote
Production build (windows-latest)	Qualify installed app and packed MCP packages on Node 22.23.3	2026-10-04T06:23:33.0128790Z ├ ƒ /v1/personas/[personaId]/improvements/[proposalId]/reject
Production build (windows-latest)	Qualify installed app and packed MCP packages on Node 22.23.3	2026-10-04T06:23:33.0130024Z ├ ƒ /v1/personas/[personaId]/improvements/[proposalId]/undo
Production build (windows-latest)	Qualify installed app and packed MCP packages on Node 22.23.3	2026-10-04T06:23:33.0130815Z ├ ƒ /v1/personas/[personaId]/memories
Production build (windows-latest)	Qualify installed app and packed MCP packages on Node 22.23.3	2026-10-04T06:23:33.0131511Z ├ ƒ /v1/personas/[personaId]/memories/[memoryId]
Production build (windows-latest)	Qualify installed app and packed MCP packages on Node 22.23.3	2026-10-04T06:23:33.0132315Z ├ ƒ /v1/personas/[personaId]/memories/[memoryId]/activate
Production build (windows-latest)	Qualify installed app and packed MCP packages on Node 22.23.3	2026-10-04T06:23:33.0133128Z ├ ƒ /v1/personas/[personaId]/memories/[memoryId]/correct
Production build (windows-latest)	Qualify installed app and packed MCP packages on Node 22.23.3	2026-10-04T06:23:33.0133949Z ├ ƒ /v1/personas/[personaId]/memories/[memoryId]/pin
Production build (windows-latest)	Qualify installed app and packed MCP packages on Node 22.23.3	2026-10-04T06:23:33.0134837Z ├ ƒ /v1/personas/[personaId]/memories/[memoryId]/resolve-conflict
Production build (windows-latest)	Qualify installed app and packed MCP packages on Node 22.23.3	2026-10-04T06:23:33.0135652Z ├ ƒ /v1/personas/[personaId]/runtime-recovery
Production build (windows-latest)	Qualify installed app and packed MCP packages on Node 22.23.3	2026-10-04T06:23:33.0136340Z ├ ƒ /v1/personas/[personaId]/storage-stats
Production build (windows-latest)	Qualify installed app and packed MCP packages on Node 22.23.3	2026-10-04T06:23:33.0137030Z ├ ƒ /v1/personas/[personaId]/work-items
Production build (windows-latest)	Qualify installed app and packed MCP packages on Node 22.23.3	2026-10-04T06:23:33.0137750Z ├ ƒ /v1/personas/[personaId]/work-items/[workItemId]
Production build (windows-latest)	Qualify installed app and packed MCP packages on Node 22.23.3	2026-10-04T06:23:33.0138561Z ├ ƒ /v1/personas/[personaId]/work-items/[workItemId]/assign
Production build (windows-latest)	Qualify installed app and packed MCP packages on Node 22.23.3	2026-10-04T06:23:33.0139475Z ├ ƒ /v1/personas/[personaId]/work-items/[workItemId]/control
Production build (windows-latest)	Qualify installed app and packed MCP packages on Node 22.23.3	2026-10-04T06:23:33.0140280Z ├ ƒ /v1/personas/[personaId]/work-items/promote-todo
Production build (windows-latest)	Qualify installed app and packed MCP packages on Node 22.23.3	2026-10-04T06:23:33.0140949Z ├ ƒ /v1/personas/readiness
Production build (windows-latest)	Qualify installed app and packed MCP packages on Node 22.23.3	2026-10-04T06:23:33.0141480Z ├ ƒ /v1/personas/settings-options
Production build (windows-latest)	Qualify installed app and packed MCP packages on Node 22.23.3	2026-10-04T06:23:33.0142057Z ├ ƒ /v1/personas/summary
Production build (windows-latest)	Qualify installed app and packed MCP packages on Node 22.23.3	2026-10-04T06:23:33.0142520Z ├ ƒ /v1/roles
Production build (windows-latest)	Qualify installed app and packed MCP packages on Node 22.23.3	2026-10-04T06:23:33.0143010Z ├ ƒ /v1/roles/[roleId]
Production build (windows-latest)	Qualify installed app and packed MCP packages on Node 22.23.3	2026-10-04T06:23:33.0143538Z ├ ƒ /v1/roles/[roleId]/duplicate
Production build (windows-latest)	Qualify installed app and packed MCP packages on Node 22.23.3	2026-10-04T06:23:33.0144146Z ├ ƒ /v1/roles/[roleId]/impact
Production build (windows-latest)	Qualify installed app and packed MCP packages on Node 22.23.3	2026-10-04T06:23:33.0144772Z ├ ƒ /v1/roles/[roleId]/restore
Production build (windows-latest)	Qualify installed app and packed MCP packages on Node 22.23.3	2026-10-04T06:23:33.0145333Z ├ ƒ /v1/roles/[roleId]/rollback
Production build (windows-latest)	Qualify installed app and packed MCP packages on Node 22.23.3	2026-10-04T06:23:33.0145912Z ├ ƒ /v1/roles/[roleId]/versions
Production build (windows-latest)	Qualify installed app and packed MCP packages on Node 22.23.3	2026-10-04T06:23:33.0146413Z ├ ƒ /v1/tasks/[taskId]
Production build (windows-latest)	Qualify installed app and packed MCP packages on Node 22.23.3	2026-10-04T06:23:33.0146969Z ├ ○ /waves
Production build (windows-latest)	Qualify installed app and packed MCP packages on Node 22.23.3	2026-10-04T06:23:33.0147966Z └ ○ /world
Production build (windows-latest)	Qualify installed app and packed MCP packages on Node 22.23.3	2026-10-04T06:23:33.0148215Z 
Production build (windows-latest)	Qualify installed app and packed MCP packages on Node 22.23.3	2026-10-04T06:23:33.0148226Z 
Production build (windows-latest)	Qualify installed app and packed MCP packages on Node 22.23.3	2026-10-04T06:23:33.0148497Z ƒ Proxy (Middleware)
Production build (windows-latest)	Qualify installed app and packed MCP packages on Node 22.23.3	2026-10-04T06:23:33.0148762Z 
Production build (windows-latest)	Qualify installed app and packed MCP packages on Node 22.23.3	2026-10-04T06:23:33.0149206Z ○  (Static)   prerendered as static content
Production build (windows-latest)	Qualify installed app and packed MCP packages on Node 22.23.3	2026-10-04T06:23:33.0149927Z ƒ  (Dynamic)  server-rendered on demand
Production build (windows-latest)	Qualify installed app and packed MCP packages on Node 22.23.3	2026-10-04T06:23:33.0150253Z 
Production build (windows-latest)	Qualify installed app and packed MCP packages on Node 22.23.3	2026-10-04T06:23:33.6160126Z 
Production build (windows-latest)	Qualify installed app and packed MCP packages on Node 22.23.3	2026-10-04T06:23:33.6160909Z > flujo-ai@3.46.3 typecheck:mcp
Production build (windows-latest)	Qualify installed app and packed MCP packages on Node 22.23.3	2026-10-04T06:23:33.6161745Z > npm run typecheck --workspaces --if-present
Production build (windows-latest)	Qualify installed app and packed MCP packages on Node 22.23.3	2026-10-04T06:23:33.6162235Z 
Production build (windows-latest)	Qualify installed app and packed MCP packages on Node 22.23.3	2026-10-04T06:23:33.9496600Z 
Production build (windows-latest)	Qualify installed app and packed MCP packages on Node 22.23.3	2026-10-04T06:23:33.9497200Z > @mario.andreschak/mcp-bash@3.46.3 typecheck
Production build (windows-latest)	Qualify installed app and packed MCP packages on Node 22.23.3	2026-10-04T06:23:33.9497724Z > tsc -p tsconfig.json --noEmit
Production build (windows-latest)	Qualify installed app and packed MCP packages on Node 22.23.3	2026-10-04T06:23:33.9498737Z 
Production build (windows-latest)	Qualify installed app and packed MCP packages on Node 22.23.3	2026-10-04T06:23:36.2109137Z 
Production build (windows-latest)	Qualify installed app and packed MCP packages on Node 22.23.3	2026-10-04T06:23:36.2109764Z > @mario.andreschak/mcp-browser@3.46.3 typecheck
Production build (windows-latest)	Qualify installed app and packed MCP packages on Node 22.23.3	2026-10-04T06:23:36.2110254Z > tsc -p tsconfig.json --noEmit
Production build (windows-latest)	Qualify installed app and packed MCP packages on Node 22.23.3	2026-10-04T06:23:36.2110455Z 
Production build (windows-latest)	Qualify installed app and packed MCP packages on Node 22.23.3	2026-10-04T06:23:38.9424098Z 
Production build (windows-latest)	Qualify installed app and packed MCP packages on Node 22.23.3	2026-10-04T06:23:38.9424939Z > @mario.andreschak/mcp-filesystem@3.46.3 typecheck
Production build (windows-latest)	Qualify installed app and packed MCP packages on Node 22.23.3	2026-10-04T06:23:38.9425706Z > tsc -p tsconfig.json --noEmit
Production build (windows-latest)	Qualify installed app and packed MCP packages on Node 22.23.3	2026-10-04T06:23:41.1589545Z 
Production build (windows-latest)	Qualify installed app and packed MCP packages on Node 22.23.3	2026-10-04T06:23:41.1589612Z 
Production build (windows-latest)	Qualify installed app and packed MCP packages on Node 22.23.3	2026-10-04T06:23:41.1590780Z > @mario.andreschak/mcp-flujo@3.46.3 typecheck
Production build (windows-latest)	Qualify installed app and packed MCP packages on Node 22.23.3	2026-10-04T06:23:41.1591322Z > tsc -p tsconfig.json --noEmit
Production build (windows-latest)	Qualify installed app and packed MCP packages on Node 22.23.3	2026-10-04T06:23:41.1591555Z 
Production build (windows-latest)	Qualify installed app and packed MCP packages on Node 22.23.3	2026-10-04T06:23:42.9389564Z 
Production build (windows-latest)	Qualify installed app and packed MCP packages on Node 22.23.3	2026-10-04T06:23:42.9390444Z > @flujo-ai/mcp-shared@0.1.0 typecheck
Production build (windows-latest)	Qualify installed app and packed MCP packages on Node 22.23.3	2026-10-04T06:23:42.9391245Z > tsc -p tsconfig.json --noEmit
Production build (windows-latest)	Qualify installed app and packed MCP packages on Node 22.23.3	2026-10-04T06:23:42.9391616Z 
Production build (windows-latest)	Qualify installed app and packed MCP packages on Node 22.23.3	2026-10-04T06:23:44.4155204Z 
Production build (windows-latest)	Qualify installed app and packed MCP packages on Node 22.23.3	2026-10-04T06:23:44.4156088Z > flujo-ai@3.46.3 validate:mcp-release
Production build (windows-latest)	Qualify installed app and packed MCP packages on Node 22.23.3	2026-10-04T06:23:44.4156682Z > node scripts/validate-mcp-release.mjs
Production build (windows-latest)	Qualify installed app and packed MCP packages on Node 22.23.3	2026-10-04T06:23:44.4156975Z 
Production build (windows-latest)	Qualify installed app and packed MCP packages on Node 22.23.3	2026-10-04T06:23:54.2399919Z Validated flujo-ai and four standalone MCP packages at 3.46.3.
Production build (windows-latest)	Qualify installed app and packed MCP packages on Node 22.23.3	2026-10-04T06:23:54.7729990Z 
Production build (windows-latest)	Qualify installed app and packed MCP packages on Node 22.23.3	2026-10-04T06:23:54.7730734Z > flujo-ai@3.46.3 smoke:mcp-artifacts
Production build (windows-latest)	Qualify installed app and packed MCP packages on Node 22.23.3	2026-10-04T06:23:54.7731482Z > node scripts/smoke-mcp-artifacts.mjs
Production build (windows-latest)	Qualify installed app and packed MCP packages on Node 22.23.3	2026-10-04T06:23:54.7731845Z 
Production build (windows-latest)	Qualify installed app and packed MCP packages on Node 22.23.3	2026-10-04T06:34:25.2682366Z Validated isolated packed MCP binaries and the installed FLUJO proxy.
Production build (windows-latest)	Run actions/setup-node@49933ea5288caeca8642d1e84afbd3f7d6820020	﻿2026-10-04T06:34:25.3350854Z ##[group]Run actions/setup-node@49933ea5288caeca8642d1e84afbd3f7d6820020
Production build (windows-latest)	Run actions/setup-node@49933ea5288caeca8642d1e84afbd3f7d6820020	2026-10-04T06:34:25.3351596Z with:
Production build (windows-latest)	Run actions/setup-node@49933ea5288caeca8642d1e84afbd3f7d6820020	2026-10-04T06:34:25.3351866Z   node-version: 24.2.0
Production build (windows-latest)	Run actions/setup-node@49933ea5288caeca8642d1e84afbd3f7d6820020	2026-10-04T06:34:25.3352149Z   cache: npm
Production build (windows-latest)	Run actions/setup-node@49933ea5288caeca8642d1e84afbd3f7d6820020	2026-10-04T06:34:25.3352434Z   always-auth: false
Production build (windows-latest)	Run actions/setup-node@49933ea5288caeca8642d1e84afbd3f7d6820020	2026-10-04T06:34:25.3352711Z   check-latest: false
Production build (windows-latest)	Run actions/setup-node@49933ea5288caeca8642d1e84afbd3f7d6820020	2026-10-04T06:34:25.3355688Z   token: ***
Production build (windows-latest)	Run actions/setup-node@49933ea5288caeca8642d1e84afbd3f7d6820020	2026-10-04T06:34:25.3355966Z ##[endgroup]
Production build (windows-latest)	Run actions/setup-node@49933ea5288caeca8642d1e84afbd3f7d6820020	2026-10-04T06:34:25.5050384Z Attempting to download 24.2.0...
Production build (windows-latest)	Run actions/setup-node@49933ea5288caeca8642d1e84afbd3f7d6820020	2026-10-04T06:34:25.5235585Z (node:1912) [DEP0040] DeprecationWarning: The `punycode` module is deprecated. Please use a userland alternative instead.
Production build (windows-latest)	Run actions/setup-node@49933ea5288caeca8642d1e84afbd3f7d6820020	2026-10-04T06:34:25.5238478Z (Use `node --trace-deprecation ...` to show where the warning was created)
Production build (windows-latest)	Run actions/setup-node@49933ea5288caeca8642d1e84afbd3f7d6820020	2026-10-04T06:34:26.1109214Z Acquiring 24.2.0 - x64 from https://github.com/actions/node-versions/releases/download/24.2.0-15549907769/node-24.2.0-win32-x64.7z
Production build (windows-latest)	Run actions/setup-node@49933ea5288caeca8642d1e84afbd3f7d6820020	2026-10-04T06:34:26.4456625Z Extracting ...
Production build (windows-latest)	Run actions/setup-node@49933ea5288caeca8642d1e84afbd3f7d6820020	2026-10-04T06:34:29.0060019Z Adding to the cache ...
Production build (windows-latest)	Run actions/setup-node@49933ea5288caeca8642d1e84afbd3f7d6820020	2026-10-04T06:34:32.8695761Z ##[group]Environment details
Production build (windows-latest)	Run actions/setup-node@49933ea5288caeca8642d1e84afbd3f7d6820020	2026-10-04T06:34:33.7416480Z node: v24.2.0
Production build (windows-latest)	Run actions/setup-node@49933ea5288caeca8642d1e84afbd3f7d6820020	2026-10-04T06:34:33.7416954Z npm: 11.3.0
Production build (windows-latest)	Run actions/setup-node@49933ea5288caeca8642d1e84afbd3f7d6820020	2026-10-04T06:34:33.7417222Z yarn: 1.22.22
Production build (windows-latest)	Run actions/setup-node@49933ea5288caeca8642d1e84afbd3f7d6820020	2026-10-04T06:34:33.7417792Z ##[endgroup]
Production build (windows-latest)	Run actions/setup-node@49933ea5288caeca8642d1e84afbd3f7d6820020	2026-10-04T06:34:33.8196176Z [command]C:\Windows\system32\cmd.exe /D /S /C "C:\hostedtoolcache\windows\node\24.2.0\x64\npm.cmd config get cache"
Production build (windows-latest)	Run actions/setup-node@49933ea5288caeca8642d1e84afbd3f7d6820020	2026-10-04T06:34:34.0925211Z C:\npm\cache
Production build (windows-latest)	Run actions/setup-node@49933ea5288caeca8642d1e84afbd3f7d6820020	2026-10-04T06:34:34.3444684Z Cache hit for: node-cache-Windows-x64-npm-9d7b03f918b998623827b00dabde5cdd886120be55b94bedb416cf54e8fb989e
Production build (windows-latest)	Run actions/setup-node@49933ea5288caeca8642d1e84afbd3f7d6820020	2026-10-04T06:34:34.3561415Z (node:1912) [DEP0169] DeprecationWarning: `url.parse()` behavior is not standardized and prone to errors that have security implications. Use the WHATWG URL API instead. CVEs are not issued for `url.parse()` vulnerabilities.
Production build (windows-latest)	Run actions/setup-node@49933ea5288caeca8642d1e84afbd3f7d6820020	2026-10-04T06:34:35.4567725Z Received 134217728 of 397036424 (33.8%), 127.9 MBs/sec
Production build (windows-latest)	Run actions/setup-node@49933ea5288caeca8642d1e84afbd3f7d6820020	2026-10-04T06:34:36.4574105Z Received 339738624 of 397036424 (85.6%), 161.9 MBs/sec
Production build (windows-latest)	Run actions/setup-node@49933ea5288caeca8642d1e84afbd3f7d6820020	2026-10-04T06:34:36.8712400Z Received 397036424 of 397036424 (100.0%), 156.8 MBs/sec
Production build (windows-latest)	Run actions/setup-node@49933ea5288caeca8642d1e84afbd3f7d6820020	2026-10-04T06:34:36.8715894Z Cache Size: ~379 MB (397036424 B)
Production build (windows-latest)	Run actions/setup-node@49933ea5288caeca8642d1e84afbd3f7d6820020	2026-10-04T06:34:36.8794158Z [command]"C:\Program Files\Git\usr\bin\tar.exe" -xf D:/a/_temp/38a90a20-97bc-4890-9983-5c391a61b9b4/cache.tzst -P -C D:/a/FLUJO/FLUJO --force-local --use-compress-program "zstd -d"
Production build (windows-latest)	Run actions/setup-node@49933ea5288caeca8642d1e84afbd3f7d6820020	2026-10-04T06:34:45.0727423Z Cache restored successfully
Production build (windows-latest)	Run actions/setup-node@49933ea5288caeca8642d1e84afbd3f7d6820020	2026-10-04T06:34:45.1081609Z Cache restored from key: node-cache-Windows-x64-npm-9d7b03f918b998623827b00dabde5cdd886120be55b94bedb416cf54e8fb989e
Production build (windows-latest)	Verify exact official Node runtime	﻿2026-10-04T06:34:45.1420314Z ##[group]Run node scripts/verify-ci-node.mjs 24.2.0 --record
Production build (windows-latest)	Verify exact official Node runtime	2026-10-04T06:34:45.1421071Z ^[[36;1mnode scripts/verify-ci-node.mjs 24.2.0 --record^[[0m
Production build (windows-latest)	Verify exact official Node runtime	2026-10-04T06:34:45.1503876Z shell: C:\Program Files\PowerShell\7\pwsh.EXE -command ". '{0}'"
Production build (windows-latest)	Verify exact official Node runtime	2026-10-04T06:34:45.1504351Z ##[endgroup]
Production build (windows-latest)	Verify exact official Node runtime	2026-10-04T06:34:45.7459807Z {
Production build (windows-latest)	Verify exact official Node runtime	2026-10-04T06:34:45.7460245Z   "schemaVersion": 1,
Production build (windows-latest)	Verify exact official Node runtime	2026-10-04T06:34:45.7460679Z   "measuredAt": "2026-10-04T06:34:45.644Z",
Production build (windows-latest)	Verify exact official Node runtime	2026-10-04T06:34:45.7461123Z   "expectedVersion": "24.2.0",
Production build (windows-latest)	Verify exact official Node runtime	2026-10-04T06:34:45.7461474Z   "node": "24.2.0",
Production build (windows-latest)	Verify exact official Node runtime	2026-10-04T06:34:45.7462679Z   "libuv": "1.51.0",
Production build (windows-latest)	Verify exact official Node runtime	2026-10-04T06:34:45.7463036Z   "platform": "win32",
Production build (windows-latest)	Verify exact official Node runtime	2026-10-04T06:34:45.7463355Z   "architecture": "x64",
Production build (windows-latest)	Verify exact official Node runtime	2026-10-04T06:34:45.7463704Z   "osRelease": "10.0.26100",
Production build (windows-latest)	Verify exact official Node runtime	2026-10-04T06:34:45.7464287Z   "executableSha256": "4f4c2bbda03106699e49ef2e7914c03d597c355a99a6b9a1b63dca19fe092c01",
Production build (windows-latest)	Verify exact official Node runtime	2026-10-04T06:34:45.7465209Z   "qualificationScope": "official CI runtime binary identity; installed application acceptance requires separate checks",
Production build (windows-latest)	Verify exact official Node runtime	2026-10-04T06:34:45.7466218Z   "signedChecksumsSha256": "860e1b963a33add39ad3d259159fb6194ca8433d8ca1f5eaf0d3e384f28ddd6c",
Production build (windows-latest)	Verify exact official Node runtime	2026-10-04T06:34:45.7466936Z   "signingFingerprint": "C0D6248439F1D5604AAFFB4021D900FFDB233756",
Production build (windows-latest)	Verify exact official Node runtime	2026-10-04T06:34:45.7467503Z   "sourceSha": "a5d11370e7a52d6ac92c82accb91fbce87784dd6",
Production build (windows-latest)	Verify exact official Node runtime	2026-10-04T06:34:45.7467897Z   "sourceTreeDirty": false,
Production build (windows-latest)	Verify exact official Node runtime	2026-10-04T06:34:45.7468460Z   "verifierSha256": "9a7b5e2b971454cc59bb8d03b6fc77a3ec8b0be1ef155f817709cb0b8690399a",
Production build (windows-latest)	Verify exact official Node runtime	2026-10-04T06:34:45.7469267Z   "binaryManifestSha256": "c143d1f9fcef870edb7bdb189717a4a92c0486764841aa724e7505c7e42bff9a",
Production build (windows-latest)	Verify exact official Node runtime	2026-10-04T06:34:45.7470058Z   "canonicalGuardSha256": "b3fde29811a79a880f84c95511b33e9dbd3e41ff38e8cafc89b0dad350ebeaba"
Production build (windows-latest)	Verify exact official Node runtime	2026-10-04T06:34:45.7470989Z }
Production build (windows-latest)	Qualify installed app and packed MCP packages on Node 24.2.0	﻿2026-10-04T06:34:45.8700704Z ##[group]Run set -euo pipefail
Production build (windows-latest)	Qualify installed app and packed MCP packages on Node 24.2.0	2026-10-04T06:34:45.8701102Z ^[[36;1mset -euo pipefail^[[0m
Production build (windows-latest)	Qualify installed app and packed MCP packages on Node 24.2.0	2026-10-04T06:34:45.8701608Z ^[[36;1mnpm ci --include=dev^[[0m
Production build (windows-latest)	Qualify installed app and packed MCP packages on Node 24.2.0	2026-10-04T06:34:45.8701865Z ^[[36;1mnpm run build^[[0m
Production build (windows-latest)	Qualify installed app and packed MCP packages on Node 24.2.0	2026-10-04T06:34:45.8702110Z ^[[36;1mnpm run typecheck:mcp^[[0m
Production build (windows-latest)	Qualify installed app and packed MCP packages on Node 24.2.0	2026-10-04T06:34:45.8702382Z ^[[36;1mnpm run validate:mcp-release^[[0m
Production build (windows-latest)	Qualify installed app and packed MCP packages on Node 24.2.0	2026-10-04T06:34:45.8702671Z ^[[36;1mnpm run smoke:mcp-artifacts^[[0m
Production build (windows-latest)	Qualify installed app and packed MCP packages on Node 24.2.0	2026-10-04T06:34:45.8719616Z shell: C:\Program Files\Git\bin\bash.EXE --noprofile --norc -e -o pipefail {0}
Production build (windows-latest)	Qualify installed app and packed MCP packages on Node 24.2.0	2026-10-04T06:34:45.8720035Z ##[endgroup]
Production build (windows-latest)	Qualify installed app and packed MCP packages on Node 24.2.0	2026-10-04T06:35:08.0335300Z npm warn deprecated inflight@1.0.6: This module is not supported, and leaks memory. Do not use it. Check out lru-cache if you want a good and tested way to coalesce async requests by a key value, which is much more comprehensive and powerful.
Production build (windows-latest)	Qualify installed app and packed MCP packages on Node 24.2.0	2026-10-04T06:35:08.7887273Z npm warn deprecated whatwg-encoding@3.1.1: Use @exodus/bytes instead for a more spec-conformant and faster implementation
Production build (windows-latest)	Qualify installed app and packed MCP packages on Node 24.2.0	2026-10-04T06:35:08.9672711Z npm warn deprecated glob@7.2.3: Old versions of glob are not supported, and contain widely publicized security vulnerabilities, which have been fixed in the current version. Please update. Support for old versions may be purchased (at exorbitant rates) by contacting i@izs.me
Production build (windows-latest)	Qualify installed app and packed MCP packages on Node 24.2.0	2026-10-04T06:35:11.5992376Z npm warn deprecated node-domexception@1.0.0: Use your platform's native DOMException instead
Production build (windows-latest)	Qualify installed app and packed MCP packages on Node 24.2.0	2026-10-04T06:35:12.8349243Z npm warn deprecated glob@10.5.0: Old versions of glob are not supported, and contain widely publicized security vulnerabilities, which have been fixed in the current version. Please update. Support for old versions may be purchased (at exorbitant rates) by contacting i@izs.me
Production build (windows-latest)	Qualify installed app and packed MCP packages on Node 24.2.0	2026-10-04T06:35:48.4877887Z 
Production build (windows-latest)	Qualify installed app and packed MCP packages on Node 24.2.0	2026-10-04T06:35:48.4878917Z added 1414 packages, and audited 1421 packages in 1m
Production build (windows-latest)	Qualify installed app and packed MCP packages on Node 24.2.0	2026-10-04T06:35:48.4879555Z 
Production build (windows-latest)	Qualify installed app and packed MCP packages on Node 24.2.0	2026-10-04T06:35:48.4879886Z 472 packages are looking for funding
Production build (windows-latest)	Qualify installed app and packed MCP packages on Node 24.2.0	2026-10-04T06:35:48.4880578Z   run `npm fund` for details
Production build (windows-latest)	Qualify installed app and packed MCP packages on Node 24.2.0	2026-10-04T06:35:48.4895014Z 
Production build (windows-latest)	Qualify installed app and packed MCP packages on Node 24.2.0	2026-10-04T06:35:48.4895355Z found 0 vulnerabilities
Production build (windows-latest)	Qualify installed app and packed MCP packages on Node 24.2.0	2026-10-04T06:35:58.1638086Z 
Production build (windows-latest)	Qualify installed app and packed MCP packages on Node 24.2.0	2026-10-04T06:35:58.1638816Z > flujo-ai@3.46.3 build
Production build (windows-latest)	Qualify installed app and packed MCP packages on Node 24.2.0	2026-10-04T06:35:58.1640240Z > npm run build:mcp && node --require ./scripts/exclude-workspaces-from-next-glob.cjs node_modules/next/dist/bin/next build --webpack
Production build (windows-latest)	Qualify installed app and packed MCP packages on Node 24.2.0	2026-10-04T06:35:58.4490268Z 
Production build (windows-latest)	Qualify installed app and packed MCP packages on Node 24.2.0	2026-10-04T06:35:58.4490330Z 
Production build (windows-latest)	Qualify installed app and packed MCP packages on Node 24.2.0	2026-10-04T06:35:58.4491019Z > flujo-ai@3.46.3 build:mcp
Production build (windows-latest)	Qualify installed app and packed MCP packages on Node 24.2.0	2026-10-04T06:35:58.4492458Z > npm run build -w @flujo-ai/mcp-shared && npm run build -w @mario.andreschak/mcp-filesystem && npm run build -w @mario.andreschak/mcp-bash && npm run build -w @mario.andreschak/mcp-browser && npm run build -w @mario.andreschak/mcp-flujo
Production build (windows-latest)	Qualify installed app and packed MCP packages on Node 24.2.0	2026-10-04T06:35:58.4493410Z 
Production build (windows-latest)	Qualify installed app and packed MCP packages on Node 24.2.0	2026-10-04T06:35:58.7575274Z 
Production build (windows-latest)	Qualify installed app and packed MCP packages on Node 24.2.0	2026-10-04T06:35:58.7576034Z > @flujo-ai/mcp-shared@0.1.0 build
Production build (windows-latest)	Qualify installed app and packed MCP packages on Node 24.2.0	2026-10-04T06:35:58.7576839Z > tsc -p tsconfig.json
Production build (windows-latest)	Qualify installed app and packed MCP packages on Node 24.2.0	2026-10-04T06:35:58.7577065Z 
Production build (windows-latest)	Qualify installed app and packed MCP packages on Node 24.2.0	2026-10-04T06:35:59.9752504Z 
Production build (windows-latest)	Qualify installed app and packed MCP packages on Node 24.2.0	2026-10-04T06:35:59.9753529Z > @mario.andreschak/mcp-filesystem@3.46.3 build
Production build (windows-latest)	Qualify installed app and packed MCP packages on Node 24.2.0	2026-10-04T06:35:59.9754624Z > tsc -p tsconfig.json && node ../embed-shared.mjs filesystem && node ../embed-runtime.mjs filesystem
Production build (windows-latest)	Qualify installed app and packed MCP packages on Node 24.2.0	2026-10-04T06:35:59.9755381Z 
Production build (windows-latest)	Qualify installed app and packed MCP packages on Node 24.2.0	2026-10-04T06:36:02.2577711Z 
Production build (windows-latest)	Qualify installed app and packed MCP packages on Node 24.2.0	2026-10-04T06:36:02.2578574Z > @mario.andreschak/mcp-bash@3.46.3 build
Production build (windows-latest)	Qualify installed app and packed MCP packages on Node 24.2.0	2026-10-04T06:36:02.2579842Z > tsc -p tsconfig.json && node ../embed-shared.mjs bash && node ../embed-runtime.mjs bash
Production build (windows-latest)	Qualify installed app and packed MCP packages on Node 24.2.0	2026-10-04T06:36:02.2581060Z 
Production build (windows-latest)	Qualify installed app and packed MCP packages on Node 24.2.0	2026-10-04T06:36:04.5393334Z 
Production build (windows-latest)	Qualify installed app and packed MCP packages on Node 24.2.0	2026-10-04T06:36:04.5394348Z > @mario.andreschak/mcp-browser@3.46.3 build
Production build (windows-latest)	Qualify installed app and packed MCP packages on Node 24.2.0	2026-10-04T06:36:04.5395426Z > tsc -p tsconfig.json && node ../embed-runtime.mjs browser
Production build (windows-latest)	Qualify installed app and packed MCP packages on Node 24.2.0	2026-10-04T06:36:04.5395820Z 
Production build (windows-latest)	Qualify installed app and packed MCP packages on Node 24.2.0	2026-10-04T06:36:07.4210905Z 
Production build (windows-latest)	Qualify installed app and packed MCP packages on Node 24.2.0	2026-10-04T06:36:07.4211994Z > @mario.andreschak/mcp-flujo@3.46.3 build
Production build (windows-latest)	Qualify installed app and packed MCP packages on Node 24.2.0	2026-10-04T06:36:07.4212940Z > tsc -p tsconfig.json && node ../embed-runtime.mjs flujo
Production build (windows-latest)	Qualify installed app and packed MCP packages on Node 24.2.0	2026-10-04T06:36:07.4213461Z 
Production build (windows-latest)	Qualify installed app and packed MCP packages on Node 24.2.0	2026-10-04T06:36:09.7646509Z ▲ Next.js 16.3.8 (webpack)
Production build (windows-latest)	Qualify installed app and packed MCP packages on Node 24.2.0	2026-10-04T06:36:09.8040298Z ✓ Running next.config.mjs took 39ms
Production build (windows-latest)	Qualify installed app and packed MCP packages on Node 24.2.0	2026-10-04T06:36:10.1318143Z - Experiments (use with caution):
Production build (windows-latest)	Qualify installed app and packed MCP packages on Node 24.2.0	2026-10-04T06:36:10.1326082Z   · proxyClientMaxBodySize: "100mb"
Production build (windows-latest)	Qualify installed app and packed MCP packages on Node 24.2.0	2026-10-04T06:36:10.1326834Z   ✓ webpackBuildWorker
Production build (windows-latest)	Qualify installed app and packed MCP packages on Node 24.2.0	2026-10-04T06:36:10.1327598Z   ✓ webpackMemoryOptimizations
Production build (windows-latest)	Qualify installed app and packed MCP packages on Node 24.2.0	2026-10-04T06:36:10.1328005Z 
Production build (windows-latest)	Qualify installed app and packed MCP packages on Node 24.2.0	2026-10-04T06:36:10.2088477Z   Creating an optimized production build ...
Production build (windows-latest)	Qualify installed app and packed MCP packages on Node 24.2.0	2026-10-04T06:36:11.1441134Z   Using tsconfig file: tsconfig.build.json
Production build (windows-latest)	Qualify installed app and packed MCP packages on Node 24.2.0	2026-10-04T06:37:33.7627524Z   Using tsconfig file: tsconfig.build.json
Production build (windows-latest)	Qualify installed app and packed MCP packages on Node 24.2.0	2026-10-04T06:37:35.3624949Z   Using tsconfig file: tsconfig.build.json
Production build (windows-latest)	Qualify installed app and packed MCP packages on Node 24.2.0	2026-10-04T06:37:53.9860639Z ✓ Compiled successfully in 99s
Production build (windows-latest)	Qualify installed app and packed MCP packages on Node 24.2.0	2026-10-04T06:37:53.9932297Z   Running TypeScript ...
Production build (windows-latest)	Qualify installed app and packed MCP packages on Node 24.2.0	2026-10-04T06:38:02.5005170Z   Finished TypeScript in 8.5s ...
Production build (windows-latest)	Qualify installed app and packed MCP packages on Node 24.2.0	2026-10-04T06:38:02.5038830Z   Collecting page data using 3 workers ...
Production build (windows-latest)	Qualify installed app and packed MCP packages on Node 24.2.0	2026-10-04T06:38:12.0795718Z   Generating static pages using 3 workers (0/122) ...
Production build (windows-latest)	Qualify installed app and packed MCP packages on Node 24.2.0	2026-10-04T06:38:21.7143911Z   Generating static pages using 3 workers (30/122) 
Production build (windows-latest)	Qualify installed app and packed MCP packages on Node 24.2.0	2026-10-04T06:38:23.8666757Z   Generating static pages using 3 workers (60/122) 
Production build (windows-latest)	Qualify installed app and packed MCP packages on Node 24.2.0	2026-10-04T06:38:25.3838311Z   Generating static pages using 3 workers (91/122) 
Production build (windows-latest)	Qualify installed app and packed MCP packages on Node 24.2.0	2026-10-04T06:38:26.6451965Z ✓ Generating static pages using 3 workers (122/122) in 14.6s
Production build (windows-latest)	Qualify installed app and packed MCP packages on Node 24.2.0	2026-10-04T06:38:29.0816037Z   Finalizing page optimization ...
Production build (windows-latest)	Qualify installed app and packed MCP packages on Node 24.2.0	2026-10-04T06:38:29.0816492Z   Collecting build traces ...
Production build (windows-latest)	Qualify installed app and packed MCP packages on Node 24.2.0	2026-10-04T06:38:41.7545414Z 
Production build (windows-latest)	Qualify installed app and packed MCP packages on Node 24.2.0	2026-10-04T06:38:41.7616981Z Route (app)
Production build (windows-latest)	Qualify installed app and packed MCP packages on Node 24.2.0	2026-10-04T06:38:41.7617726Z ┌ ○ /
Production build (windows-latest)	Qualify installed app and packed MCP packages on Node 24.2.0	2026-10-04T06:38:41.7618539Z ├ ○ /_not-found
Production build (windows-latest)	Qualify installed app and packed MCP packages on Node 24.2.0	2026-10-04T06:38:41.7619218Z ├ ƒ /api/approvals
Production build (windows-latest)	Qualify installed app and packed MCP packages on Node 24.2.0	2026-10-04T06:38:41.7619739Z ├ ƒ /api/approvals/[id]
Production build (windows-latest)	Qualify installed app and packed MCP packages on Node 24.2.0	2026-10-04T06:38:41.7620429Z ├ ƒ /api/automation-map
Production build (windows-latest)	Qualify installed app and packed MCP packages on Node 24.2.0	2026-10-04T06:38:41.7620891Z ├ ƒ /api/avatar/[voiceAction]
Production build (windows-latest)	Qualify installed app and packed MCP packages on Node 24.2.0	2026-10-04T06:38:41.7621221Z ├ ƒ /api/avatar/connections
Production build (windows-latest)	Qualify installed app and packed MCP packages on Node 24.2.0	2026-10-04T06:38:41.7621560Z ├ ƒ /api/avatar/remote/[voiceAction]
Production build (windows-latest)	Qualify installed app and packed MCP packages on Node 24.2.0	2026-10-04T06:38:41.7621955Z ├ ƒ /api/avatar/remote/availability
Production build (windows-latest)	Qualify installed app and packed MCP packages on Node 24.2.0	2026-10-04T06:38:41.7622263Z ├ ƒ /api/avatar/voice
Production build (windows-latest)	Qualify installed app and packed MCP packages on Node 24.2.0	2026-10-04T06:38:41.7622541Z ├ ƒ /api/avatar/work-model
Production build (windows-latest)	Qualify installed app and packed MCP packages on Node 24.2.0	2026-10-04T06:38:41.7622812Z ├ ƒ /api/avatar/world
Production build (windows-latest)	Qualify installed app and packed MCP packages on Node 24.2.0	2026-10-04T06:38:41.7623066Z ├ ƒ /api/backup
Production build (windows-latest)	Qualify installed app and packed MCP packages on Node 24.2.0	2026-10-04T06:38:41.7623290Z ├ ƒ /api/browse
Production build (windows-latest)	Qualify installed app and packed MCP packages on Node 24.2.0	2026-10-04T06:38:41.7623519Z ├ ƒ /api/bugs/enhance
Production build (windows-latest)	Qualify installed app and packed MCP packages on Node 24.2.0	2026-10-04T06:38:41.7623773Z ├ ƒ /api/cloud/instance
Production build (windows-latest)	Qualify installed app and packed MCP packages on Node 24.2.0	2026-10-04T06:38:41.7624005Z ├ ƒ /api/cwd
Production build (windows-latest)	Qualify installed app and packed MCP packages on Node 24.2.0	2026-10-04T06:38:41.7624251Z ├ ƒ /api/encryption/secure
Production build (windows-latest)	Qualify installed app and packed MCP packages on Node 24.2.0	2026-10-04T06:38:41.7624501Z ├ ƒ /api/env
Production build (windows-latest)	Qualify installed app and packed MCP packages on Node 24.2.0	2026-10-04T06:38:41.7624703Z ├ ƒ /api/flow
Production build (windows-latest)	Qualify installed app and packed MCP packages on Node 24.2.0	2026-10-04T06:38:41.7625033Z ├ ƒ /api/flow/[id]
Production build (windows-latest)	Qualify installed app and packed MCP packages on Node 24.2.0	2026-10-04T06:38:41.7625979Z ├ ƒ /api/flow/[id]/convert-process-to-subflow
Production build (windows-latest)	Qualify installed app and packed MCP packages on Node 24.2.0	2026-10-04T06:38:41.7626681Z ├ ƒ /api/flow/[id]/versions
Production build (windows-latest)	Qualify installed app and packed MCP packages on Node 24.2.0	2026-10-04T06:38:41.7627067Z ├ ƒ /api/flow/[id]/versions/[versionId]
Production build (windows-latest)	Qualify installed app and packed MCP packages on Node 24.2.0	2026-10-04T06:38:41.7627390Z ├ ƒ /api/flow/assist
Production build (windows-latest)	Qualify installed app and packed MCP packages on Node 24.2.0	2026-10-04T06:38:41.7627781Z ├ ƒ /api/flow/compile
Production build (windows-latest)	Qualify installed app and packed MCP packages on Node 24.2.0	2026-10-04T06:38:41.7628289Z ├ ƒ /api/flow/generate
Production build (windows-latest)	Qualify installed app and packed MCP packages on Node 24.2.0	2026-10-04T06:38:41.7629207Z ├ ƒ /api/flow/generate/visual
Production build (windows-latest)	Qualify installed app and packed MCP packages on Node 24.2.0	2026-10-04T06:38:41.7629738Z ├ ƒ /api/flow/generator
Production build (windows-latest)	Qualify installed app and packed MCP packages on Node 24.2.0	2026-10-04T06:38:41.7630590Z ├ ƒ /api/flow/improve
Production build (windows-latest)	Qualify installed app and packed MCP packages on Node 24.2.0	2026-10-04T06:38:41.7632098Z ├ ƒ /api/flow/model-agent
Production build (windows-latest)	Qualify installed app and packed MCP packages on Node 24.2.0	2026-10-04T06:38:41.7632685Z ├ ƒ /api/flow/prompt-renderer
Production build (windows-latest)	Qualify installed app and packed MCP packages on Node 24.2.0	2026-10-04T06:38:41.7633267Z ├ ƒ /api/flow/quick-chat
Production build (windows-latest)	Qualify installed app and packed MCP packages on Node 24.2.0	2026-10-04T06:38:41.7633743Z ├ ƒ /api/flow/repair
Production build (windows-latest)	Qualify installed app and packed MCP packages on Node 24.2.0	2026-10-04T06:38:41.7634514Z ├ ƒ /api/git
Production build (windows-latest)	Qualify installed app and packed MCP packages on Node 24.2.0	2026-10-04T06:38:41.7637068Z ├ ƒ /api/init
Production build (windows-latest)	Qualify installed app and packed MCP packages on Node 24.2.0	2026-10-04T06:38:41.7637705Z ├ ƒ /api/local-models/capability
Production build (windows-latest)	Qualify installed app and packed MCP packages on Node 24.2.0	2026-10-04T06:38:41.7638246Z ├ ƒ /api/local-models/pull
Production build (windows-latest)	Qualify installed app and packed MCP packages on Node 24.2.0	2026-10-04T06:38:41.7638787Z ├ ƒ /api/local-models/suggest
Production build (windows-latest)	Qualify installed app and packed MCP packages on Node 24.2.0	2026-10-04T06:38:41.7639329Z ├ ƒ /api/mcp-registry
Production build (windows-latest)	Qualify installed app and packed MCP packages on Node 24.2.0	2026-10-04T06:38:41.7639689Z ├ ƒ /api/mcp-registry/spotlight
Production build (windows-latest)	Qualify installed app and packed MCP packages on Node 24.2.0	2026-10-04T06:38:41.7640007Z ├ ƒ /api/mcp/app-consent
Production build (windows-latest)	Qualify installed app and packed MCP packages on Node 24.2.0	2026-10-04T06:38:41.7640349Z ├ ƒ /api/mcp/app-sandbox
Production build (windows-latest)	Qualify installed app and packed MCP packages on Node 24.2.0	2026-10-04T06:38:41.7640837Z ├ ƒ /api/mcp/assistant
Production build (windows-latest)	Qualify installed app and packed MCP packages on Node 24.2.0	2026-10-04T06:38:41.7641178Z ├ ƒ /api/mcp/cancel
Production build (windows-latest)	Qualify installed app and packed MCP packages on Node 24.2.0	2026-10-04T06:38:41.7641452Z ├ ƒ /api/mcp/flujo/authoring
Production build (windows-latest)	Qualify installed app and packed MCP packages on Node 24.2.0	2026-10-04T06:38:41.7641774Z ├ ƒ /api/mcp/flujo/automation
Production build (windows-latest)	Qualify installed app and packed MCP packages on Node 24.2.0	2026-10-04T06:38:41.7642050Z ├ ƒ /api/mcp/flujo/flows
Production build (windows-latest)	Qualify installed app and packed MCP packages on Node 24.2.0	2026-10-04T06:38:41.7642335Z ├ ƒ /api/mcp/flujo/resources
Production build (windows-latest)	Qualify installed app and packed MCP packages on Node 24.2.0	2026-10-04T06:38:41.7642646Z ├ ƒ /api/mcp/flujo/resources/read
Production build (windows-latest)	Qualify installed app and packed MCP packages on Node 24.2.0	2026-10-04T06:38:41.7644243Z ├ ƒ /api/mcp/flujo/servers
Production build (windows-latest)	Qualify installed app and packed MCP packages on Node 24.2.0	2026-10-04T06:38:41.7644728Z ├ ƒ /api/mcp/flujo/skills
Production build (windows-latest)	Qualify installed app and packed MCP packages on Node 24.2.0	2026-10-04T06:38:41.7645122Z ├ ƒ /api/mcp/flujo/state
Production build (windows-latest)	Qualify installed app and packed MCP packages on Node 24.2.0	2026-10-04T06:38:41.7645400Z ├ ƒ /api/mcp/flujo/tools
Production build (windows-latest)	Qualify installed app and packed MCP packages on Node 24.2.0	2026-10-04T06:38:41.7645678Z ├ ƒ /api/mcp/oauth-capability
Production build (windows-latest)	Qualify installed app and packed MCP packages on Node 24.2.0	2026-10-04T06:38:41.7645963Z ├ ƒ /api/mcp/servers
Production build (windows-latest)	Qualify installed app and packed MCP packages on Node 24.2.0	2026-10-04T06:38:41.7646226Z ├ ƒ /api/mcp/servers/[name]
Production build (windows-latest)	Qualify installed app and packed MCP packages on Node 24.2.0	2026-10-04T06:38:41.7646548Z ├ ƒ /api/mcp/servers/[name]/prompts
Production build (windows-latest)	Qualify installed app and packed MCP packages on Node 24.2.0	2026-10-04T06:38:41.7647045Z ├ ƒ /api/mcp/servers/[name]/prompts/get
Production build (windows-latest)	Qualify installed app and packed MCP packages on Node 24.2.0	2026-10-04T06:38:41.7648586Z ├ ƒ /api/mcp/servers/[name]/resources
Production build (windows-latest)	Qualify installed app and packed MCP packages on Node 24.2.0	2026-10-04T06:38:41.7649050Z ├ ƒ /api/mcp/servers/[name]/resources/read
Production build (windows-latest)	Qualify installed app and packed MCP packages on Node 24.2.0	2026-10-04T06:38:41.7649398Z ├ ƒ /api/mcp/servers/[name]/skills
Production build (windows-latest)	Qualify installed app and packed MCP packages on Node 24.2.0	2026-10-04T06:38:41.7649747Z ├ ƒ /api/mcp/servers/[name]/skills/approve
Production build (windows-latest)	Qualify installed app and packed MCP packages on Node 24.2.0	2026-10-04T06:38:41.7650118Z ├ ƒ /api/mcp/servers/[name]/skills/get
Production build (windows-latest)	Qualify installed app and packed MCP packages on Node 24.2.0	2026-10-04T06:38:41.7650469Z ├ ƒ /api/mcp/servers/[name]/skills/load
Production build (windows-latest)	Qualify installed app and packed MCP packages on Node 24.2.0	2026-10-04T06:38:41.7650809Z ├ ƒ /api/mcp/servers/[name]/status
Production build (windows-latest)	Qualify installed app and packed MCP packages on Node 24.2.0	2026-10-04T06:38:41.7651198Z ├ ƒ /api/mcp/servers/[name]/stdio-oauth/confirm
Production build (windows-latest)	Qualify installed app and packed MCP packages on Node 24.2.0	2026-10-04T06:38:41.7651605Z ├ ƒ /api/mcp/servers/[name]/stdio-oauth/start
Production build (windows-latest)	Qualify installed app and packed MCP packages on Node 24.2.0	2026-10-04T06:38:41.7651961Z ├ ƒ /api/mcp/servers/[name]/tools
Production build (windows-latest)	Qualify installed app and packed MCP packages on Node 24.2.0	2026-10-04T06:38:41.7652315Z ├ ƒ /api/mcp/servers/[name]/tools/[toolName]
Production build (windows-latest)	Qualify installed app and packed MCP packages on Node 24.2.0	2026-10-04T06:38:41.7652724Z ├ ƒ /api/mcp/servers/[name]/tools/[toolName]/stream
Production build (windows-latest)	Qualify installed app and packed MCP packages on Node 24.2.0	2026-10-04T06:38:41.7653070Z ├ ƒ /api/mcp/test-connection
Production build (windows-latest)	Qualify installed app and packed MCP packages on Node 24.2.0	2026-10-04T06:38:41.7653389Z ├ ƒ /api/mcp/test-connection/stream
Production build (windows-latest)	Qualify installed app and packed MCP packages on Node 24.2.0	2026-10-04T06:38:41.7653658Z ├ ƒ /api/model
Production build (windows-latest)	Qualify installed app and packed MCP packages on Node 24.2.0	2026-10-04T06:38:41.7653889Z ├ ƒ /api/model/[id]
Production build (windows-latest)	Qualify installed app and packed MCP packages on Node 24.2.0	2026-10-04T06:38:41.7654355Z ├ ƒ /api/model/provider
Production build (windows-latest)	Qualify installed app and packed MCP packages on Node 24.2.0	2026-10-04T06:38:41.7654635Z ├ ƒ /api/model/test
Production build (windows-latest)	Qualify installed app and packed MCP packages on Node 24.2.0	2026-10-04T06:38:41.7654888Z ├ ƒ /api/network-exposure
Production build (windows-latest)	Qualify installed app and packed MCP packages on Node 24.2.0	2026-10-04T06:38:41.7655368Z ├ ƒ /api/oauth/callback
Production build (windows-latest)	Qualify installed app and packed MCP packages on Node 24.2.0	2026-10-04T06:38:41.7655651Z ├ ƒ /api/oauth/initiate
Production build (windows-latest)	Qualify installed app and packed MCP packages on Node 24.2.0	2026-10-04T06:38:41.7655895Z ├ ƒ /api/oauth/reset
Production build (windows-latest)	Qualify installed app and packed MCP packages on Node 24.2.0	2026-10-04T06:38:41.7656151Z ├ ƒ /api/packages/build
Production build (windows-latest)	Qualify installed app and packed MCP packages on Node 24.2.0	2026-10-04T06:38:41.7656468Z ├ ƒ /api/packages/derive-secrets
Production build (windows-latest)	Qualify installed app and packed MCP packages on Node 24.2.0	2026-10-04T06:38:41.7656779Z ├ ƒ /api/packages/install
Production build (windows-latest)	Qualify installed app and packed MCP packages on Node 24.2.0	2026-10-04T06:38:41.7657078Z ├ ƒ /api/packages/install/status
Production build (windows-latest)	Qualify installed app and packed MCP packages on Node 24.2.0	2026-10-04T06:38:41.7657366Z ├ ƒ /api/packages/installed
Production build (windows-latest)	Qualify installed app and packed MCP packages on Node 24.2.0	2026-10-04T06:38:41.7657646Z ├ ƒ /api/packages/resolve
Production build (windows-latest)	Qualify installed app and packed MCP packages on Node 24.2.0	2026-10-04T06:38:41.7657935Z ├ ƒ /api/packages/scan-targets
Production build (windows-latest)	Qualify installed app and packed MCP packages on Node 24.2.0	2026-10-04T06:38:41.7658222Z ├ ƒ /api/packages/search
Production build (windows-latest)	Qualify installed app and packed MCP packages on Node 24.2.0	2026-10-04T06:38:41.7658495Z ├ ƒ /api/packages/uninstall
Production build (windows-latest)	Qualify installed app and packed MCP packages on Node 24.2.0	2026-10-04T06:38:41.7658765Z ├ ƒ /api/persona-recovery
Production build (windows-latest)	Qualify installed app and packed MCP packages on Node 24.2.0	2026-10-04T06:38:41.7659039Z ├ ƒ /api/planned-executions
Production build (windows-latest)	Qualify installed app and packed MCP packages on Node 24.2.0	2026-10-04T06:38:41.7659336Z ├ ƒ /api/planned-executions/[id]
Production build (windows-latest)	Qualify installed app and packed MCP packages on Node 24.2.0	2026-10-04T06:38:41.7662213Z ├ ƒ /api/planned-executions/[id]/run
Production build (windows-latest)	Qualify installed app and packed MCP packages on Node 24.2.0	2026-10-04T06:38:41.7663133Z ├ ƒ /api/planned-executions/[id]/runs
Production build (windows-latest)	Qualify installed app and packed MCP packages on Node 24.2.0	2026-10-04T06:38:41.7666217Z ├ ƒ /api/planned-executions/[id]/worker-recovery
Production build (windows-latest)	Qualify installed app and packed MCP packages on Node 24.2.0	2026-10-04T06:38:41.7667932Z ├ ƒ /api/planned-executions/preview-schedule
Production build (windows-latest)	Qualify installed app and packed MCP packages on Node 24.2.0	2026-10-04T06:38:41.7668445Z ├ ƒ /api/planned-executions/reconcile
Production build (windows-latest)	Qualify installed app and packed MCP packages on Node 24.2.0	2026-10-04T06:38:41.7668898Z ├ ƒ /api/reference-search/files
Production build (windows-latest)	Qualify installed app and packed MCP packages on Node 24.2.0	2026-10-04T06:38:41.7669276Z ├ ƒ /api/registry/auth
Production build (windows-latest)	Qualify installed app and packed MCP packages on Node 24.2.0	2026-10-04T06:38:41.7669658Z ├ ƒ /api/registry/auth/resend
Production build (windows-latest)	Qualify installed app and packed MCP packages on Node 24.2.0	2026-10-04T06:38:41.7670041Z ├ ƒ /api/registry/auth/reset
Production build (windows-latest)	Qualify installed app and packed MCP packages on Node 24.2.0	2026-10-04T06:38:41.7670387Z ├ ƒ /api/registry/feedback
Production build (windows-latest)	Qualify installed app and packed MCP packages on Node 24.2.0	2026-10-04T06:38:41.7670779Z ├ ƒ /api/registry/oauth/callback
Production build (windows-latest)	Qualify installed app and packed MCP packages on Node 24.2.0	2026-10-04T06:38:41.7671157Z ├ ƒ /api/registry/oauth/initiate
Production build (windows-latest)	Qualify installed app and packed MCP packages on Node 24.2.0	2026-10-04T06:38:41.7671534Z ├ ƒ /api/registry/packages
Production build (windows-latest)	Qualify installed app and packed MCP packages on Node 24.2.0	2026-10-04T06:38:41.7671871Z ├ ƒ /api/registry/publish
Production build (windows-latest)	Qualify installed app and packed MCP packages on Node 24.2.0	2026-10-04T06:38:41.7672232Z ├ ƒ /api/registry/settings
Production build (windows-latest)	Qualify installed app and packed MCP packages on Node 24.2.0	2026-10-04T06:38:41.7672579Z ├ ƒ /api/restore
Production build (windows-latest)	Qualify installed app and packed MCP packages on Node 24.2.0	2026-10-04T06:38:41.7672887Z ├ ƒ /api/runs/active
Production build (windows-latest)	Qualify installed app and packed MCP packages on Node 24.2.0	2026-10-04T06:38:41.7673251Z ├ ƒ /api/runtime-environment
Production build (windows-latest)	Qualify installed app and packed MCP packages on Node 24.2.0	2026-10-04T06:38:41.7673643Z ├ ƒ /api/setup/ai-cli
Production build (windows-latest)	Qualify installed app and packed MCP packages on Node 24.2.0	2026-10-04T06:38:41.7673985Z ├ ƒ /api/snapshot/abort
Production build (windows-latest)	Qualify installed app and packed MCP packages on Node 24.2.0	2026-10-04T06:38:41.7674417Z ├ ƒ /api/snapshot/begin
Production build (windows-latest)	Qualify installed app and packed MCP packages on Node 24.2.0	2026-10-04T06:38:41.7674910Z ├ ƒ /api/snapshot/download
Production build (windows-latest)	Qualify installed app and packed MCP packages on Node 24.2.0	2026-10-04T06:38:41.7675486Z ├ ƒ /api/snapshot/finalize
Production build (windows-latest)	Qualify installed app and packed MCP packages on Node 24.2.0	2026-10-04T06:38:41.7675826Z ├ ƒ /api/snapshot/info
Production build (windows-latest)	Qualify installed app and packed MCP packages on Node 24.2.0	2026-10-04T06:38:41.7676176Z ├ ƒ /api/snapshot/status
Production build (windows-latest)	Qualify installed app and packed MCP packages on Node 24.2.0	2026-10-04T06:38:41.7676715Z ├ ƒ /api/snapshots
Production build (windows-latest)	Qualify installed app and packed MCP packages on Node 24.2.0	2026-10-04T06:38:41.7706659Z ├ ƒ /api/snapshots/cleanup
Production build (windows-latest)	Qualify installed app and packed MCP packages on Node 24.2.0	2026-10-04T06:38:41.7707727Z ├ ƒ /api/snapshots/open-folder
Production build (windows-latest)	Qualify installed app and packed MCP packages on Node 24.2.0	2026-10-04T06:38:41.7708281Z ├ ƒ /api/statistics
Production build (windows-latest)	Qualify installed app and packed MCP packages on Node 24.2.0	2026-10-04T06:38:41.7708682Z ├ ƒ /api/storage
Production build (windows-latest)	Qualify installed app and packed MCP packages on Node 24.2.0	2026-10-04T06:38:41.7709140Z ├ ƒ /api/telemetry/daily-active
Production build (windows-latest)	Qualify installed app and packed MCP packages on Node 24.2.0	2026-10-04T06:38:41.7711100Z ├ ƒ /api/tickets
Production build (windows-latest)	Qualify installed app and packed MCP packages on Node 24.2.0	2026-10-04T06:38:41.7711539Z ├ ƒ /api/tickets/[id]
Production build (windows-latest)	Qualify installed app and packed MCP packages on Node 24.2.0	2026-10-04T06:38:41.7711956Z ├ ƒ /api/transcription
Production build (windows-latest)	Qualify installed app and packed MCP packages on Node 24.2.0	2026-10-04T06:38:41.7712357Z ├ ƒ /api/update
Production build (windows-latest)	Qualify installed app and packed MCP packages on Node 24.2.0	2026-10-04T06:38:41.7712704Z ├ ƒ /api/waves
Production build (windows-latest)	Qualify installed app and packed MCP packages on Node 24.2.0	2026-10-04T06:38:41.7713074Z ├ ƒ /api/webhooks/[id]
Production build (windows-latest)	Qualify installed app and packed MCP packages on Node 24.2.0	2026-10-04T06:38:41.7713488Z ├ ƒ /api/worker/status
Production build (windows-latest)	Qualify installed app and packed MCP packages on Node 24.2.0	2026-10-04T06:38:41.7713880Z ├ ƒ /api/workspaces
Production build (windows-latest)	Qualify installed app and packed MCP packages on Node 24.2.0	2026-10-04T06:38:41.7714290Z ├ ○ /automation/triggers
Production build (windows-latest)	Qualify installed app and packed MCP packages on Node 24.2.0	2026-10-04T06:38:41.7715116Z ├ ○ /automation/waves
Production build (windows-latest)	Qualify installed app and packed MCP packages on Node 24.2.0	2026-10-04T06:38:41.7715552Z ├ ○ /chain-chat
Production build (windows-latest)	Qualify installed app and packed MCP packages on Node 24.2.0	2026-10-04T06:38:41.7715963Z ├ ○ /chat
Production build (windows-latest)	Qualify installed app and packed MCP packages on Node 24.2.0	2026-10-04T06:38:41.7716292Z ├ ○ /docs
Production build (windows-latest)	Qualify installed app and packed MCP packages on Node 24.2.0	2026-10-04T06:38:41.7716603Z ├ ○ /executions
Production build (windows-latest)	Qualify installed app and packed MCP packages on Node 24.2.0	2026-10-04T06:38:41.7716945Z ├ ○ /flows
Production build (windows-latest)	Qualify installed app and packed MCP packages on Node 24.2.0	2026-10-04T06:38:41.7717263Z ├ ○ /mcp
Production build (windows-latest)	Qualify installed app and packed MCP packages on Node 24.2.0	2026-10-04T06:38:41.7717578Z ├ ƒ /mcp-flows
Production build (windows-latest)	Qualify installed app and packed MCP packages on Node 24.2.0	2026-10-04T06:38:41.7717938Z ├ ƒ /mcp-proxy/[server]
Production build (windows-latest)	Qualify installed app and packed MCP packages on Node 24.2.0	2026-10-04T06:38:41.7718323Z ├ ○ /meetings
Production build (windows-latest)	Qualify installed app and packed MCP packages on Node 24.2.0	2026-10-04T06:38:41.7718656Z ├ ƒ /models
Production build (windows-latest)	Qualify installed app and packed MCP packages on Node 24.2.0	2026-10-04T06:38:41.7718985Z ├ ○ /packages
Production build (windows-latest)	Qualify installed app and packed MCP packages on Node 24.2.0	2026-10-04T06:38:41.7719336Z ├ ○ /personas
Production build (windows-latest)	Qualify installed app and packed MCP packages on Node 24.2.0	2026-10-04T06:38:41.7719737Z ├ ƒ /personas/[personaId]
Production build (windows-latest)	Qualify installed app and packed MCP packages on Node 24.2.0	2026-10-04T06:38:41.7720144Z ├ ○ /roles
Production build (windows-latest)	Qualify installed app and packed MCP packages on Node 24.2.0	2026-10-04T06:38:41.7720501Z ├ ƒ /roles/[roleId]
Production build (windows-latest)	Qualify installed app and packed MCP packages on Node 24.2.0	2026-10-04T06:38:41.7720895Z ├ ƒ /roles/[roleId]/edit
Production build (windows-latest)	Qualify installed app and packed MCP packages on Node 24.2.0	2026-10-04T06:38:41.7721274Z ├ ○ /roles/new
Production build (windows-latest)	Qualify installed app and packed MCP packages on Node 24.2.0	2026-10-04T06:38:41.7721610Z ├ ○ /settings
Production build (windows-latest)	Qualify installed app and packed MCP packages on Node 24.2.0	2026-10-04T06:38:41.7721955Z ├ ○ /statistics
Production build (windows-latest)	Qualify installed app and packed MCP packages on Node 24.2.0	2026-10-04T06:38:41.7722372Z ├ ƒ /v1/chat/completions
Production build (windows-latest)	Qualify installed app and packed MCP packages on Node 24.2.0	2026-10-04T06:38:41.7722875Z ├ ƒ /v1/chat/conversation-chains
Production build (windows-latest)	Qualify installed app and packed MCP packages on Node 24.2.0	2026-10-04T06:38:41.7723399Z ├ ƒ /v1/chat/conversations
Production build (windows-latest)	Qualify installed app and packed MCP packages on Node 24.2.0	2026-10-04T06:38:41.7723940Z ├ ƒ /v1/chat/conversations/[conversationId]
Production build (windows-latest)	Qualify installed app and packed MCP packages on Node 24.2.0	2026-10-04T06:38:41.7724501Z ├ ƒ /v1/chat/conversations/[conversationId]/breakpoints
Production build (windows-latest)	Qualify installed app and packed MCP packages on Node 24.2.0	2026-10-04T06:38:41.7724996Z ├ ƒ /v1/chat/conversations/[conversationId]/cancel
Production build (windows-latest)	Qualify installed app and packed MCP packages on Node 24.2.0	2026-10-04T06:38:41.7725461Z ├ ƒ /v1/chat/conversations/[conversationId]/debug/attach
Production build (windows-latest)	Qualify installed app and packed MCP packages on Node 24.2.0	2026-10-04T06:38:41.7725947Z ├ ƒ /v1/chat/conversations/[conversationId]/debug/continue
Production build (windows-latest)	Qualify installed app and packed MCP packages on Node 24.2.0	2026-10-04T06:38:41.7726427Z ├ ƒ /v1/chat/conversations/[conversationId]/debug/state
Production build (windows-latest)	Qualify installed app and packed MCP packages on Node 24.2.0	2026-10-04T06:38:41.7726869Z ├ ƒ /v1/chat/conversations/[conversationId]/debug/step
Production build (windows-latest)	Qualify installed app and packed MCP packages on Node 24.2.0	2026-10-04T06:38:41.7727317Z ├ ƒ /v1/chat/conversations/[conversationId]/edit-state
Production build (windows-latest)	Qualify installed app and packed MCP packages on Node 24.2.0	2026-10-04T06:38:41.7727736Z ├ ƒ /v1/chat/conversations/[conversationId]/events
Production build (windows-latest)	Qualify installed app and packed MCP packages on Node 24.2.0	2026-10-04T06:38:41.7728157Z ├ ƒ /v1/chat/conversations/[conversationId]/inject
Production build (windows-latest)	Qualify installed app and packed MCP packages on Node 24.2.0	2026-10-04T06:38:41.7728585Z ├ ƒ /v1/chat/conversations/[conversationId]/model-turns
Production build (windows-latest)	Qualify installed app and packed MCP packages on Node 24.2.0	2026-10-04T06:38:41.7729363Z ├ ƒ /v1/chat/conversations/[conversationId]/model-turns/[dispatchId]
Production build (windows-latest)	Qualify installed app and packed MCP packages on Node 24.2.0	2026-10-04T06:38:41.7730096Z ├ ƒ /v1/chat/conversations/[conversationId]/model-turns/[dispatchId]/media/[mediaId]
Production build (windows-latest)	Qualify installed app and packed MCP packages on Node 24.2.0	2026-10-04T06:38:41.7730643Z ├ ƒ /v1/chat/conversations/[conversationId]/recovery
Production build (windows-latest)	Qualify installed app and packed MCP packages on Node 24.2.0	2026-10-04T06:38:41.7731098Z ├ ƒ /v1/chat/conversations/[conversationId]/resources
Production build (windows-latest)	Qualify installed app and packed MCP packages on Node 24.2.0	2026-10-04T06:38:41.7731637Z ├ ƒ /v1/chat/conversations/[conversationId]/resources/[resourceId]/content
Production build (windows-latest)	Qualify installed app and packed MCP packages on Node 24.2.0	2026-10-04T06:38:41.7732137Z ├ ƒ /v1/chat/conversations/[conversationId]/respond
Production build (windows-latest)	Qualify installed app and packed MCP packages on Node 24.2.0	2026-10-04T06:38:41.7733691Z ├ ƒ /v1/chat/conversations/[conversationId]/revert
Production build (windows-latest)	Qualify installed app and packed MCP packages on Node 24.2.0	2026-10-04T06:38:41.7734738Z ├ ƒ /v1/chat/conversations/[conversationId]/wire-preview
Production build (windows-latest)	Qualify installed app and packed MCP packages on Node 24.2.0	2026-10-04T06:38:41.7735312Z ├ ƒ /v1/chat/events
Production build (windows-latest)	Qualify installed app and packed MCP packages on Node 24.2.0	2026-10-04T06:38:41.7735766Z ├ ƒ /v1/flows/[flowRef]/readiness
Production build (windows-latest)	Qualify installed app and packed MCP packages on Node 24.2.0	2026-10-04T06:38:41.7736197Z ├ ƒ /v1/meetings
Production build (windows-latest)	Qualify installed app and packed MCP packages on Node 24.2.0	2026-10-04T06:38:41.7736609Z ├ ƒ /v1/meetings/[meetingId]
Production build (windows-latest)	Qualify installed app and packed MCP packages on Node 24.2.0	2026-10-04T06:38:41.7737107Z ├ ƒ /v1/meetings/[meetingId]/cancel
Production build (windows-latest)	Qualify installed app and packed MCP packages on Node 24.2.0	2026-10-04T06:38:41.7737663Z ├ ƒ /v1/meetings/[meetingId]/events
Production build (windows-latest)	Qualify installed app and packed MCP packages on Node 24.2.0	2026-10-04T06:38:41.7738220Z ├ ƒ /v1/meetings/[meetingId]/interventions
Production build (windows-latest)	Qualify installed app and packed MCP packages on Node 24.2.0	2026-10-04T06:38:41.7738792Z ├ ƒ /v1/meetings/[meetingId]/private-notes
Production build (windows-latest)	Qualify installed app and packed MCP packages on Node 24.2.0	2026-10-04T06:38:41.7739358Z ├ ƒ /v1/meetings/[meetingId]/resume
Production build (windows-latest)	Qualify installed app and packed MCP packages on Node 24.2.0	2026-10-04T06:38:41.7742043Z ├ ƒ /v1/meetings/[meetingId]/start
Production build (windows-latest)	Qualify installed app and packed MCP packages on Node 24.2.0	2026-10-04T06:38:41.7742520Z ├ ƒ /v1/models
Production build (windows-latest)	Qualify installed app and packed MCP packages on Node 24.2.0	2026-10-04T06:38:41.7742905Z ├ ƒ /v1/persona-drafts
Production build (windows-latest)	Qualify installed app and packed MCP packages on Node 24.2.0	2026-10-04T06:38:41.7743377Z ├ ƒ /v1/persona-drafts/[draftId]
Production build (windows-latest)	Qualify installed app and packed MCP packages on Node 24.2.0	2026-10-04T06:38:41.7743813Z ├ ƒ /v1/personas
Production build (windows-latest)	Qualify installed app and packed MCP packages on Node 24.2.0	2026-10-04T06:38:41.7744220Z ├ ƒ /v1/personas/[personaId]
Production build (windows-latest)	Qualify installed app and packed MCP packages on Node 24.2.0	2026-10-04T06:38:41.7744752Z ├ ƒ /v1/personas/[personaId]/app-grants
Production build (windows-latest)	Qualify installed app and packed MCP packages on Node 24.2.0	2026-10-04T06:38:41.7745366Z ├ ƒ /v1/personas/[personaId]/app-grants/[grantId]
Production build (windows-latest)	Qualify installed app and packed MCP packages on Node 24.2.0	2026-10-04T06:38:41.7746089Z ├ ƒ /v1/personas/[personaId]/app-grants/[grantId]/launch
Production build (windows-latest)	Qualify installed app and packed MCP packages on Node 24.2.0	2026-10-04T06:38:41.7746845Z ├ ƒ /v1/personas/[personaId]/behaviors/[behaviorId]/activate
Production build (windows-latest)	Qualify installed app and packed MCP packages on Node 24.2.0	2026-10-04T06:38:41.7747509Z ├ ƒ /v1/personas/[personaId]/composition
Production build (windows-latest)	Qualify installed app and packed MCP packages on Node 24.2.0	2026-10-04T06:38:41.7748151Z ├ ƒ /v1/personas/[personaId]/composition/behaviors
Production build (windows-latest)	Qualify installed app and packed MCP packages on Node 24.2.0	2026-10-04T06:38:41.7748825Z ├ ƒ /v1/personas/[personaId]/composition/copy
Production build (windows-latest)	Qualify installed app and packed MCP packages on Node 24.2.0	2026-10-04T06:38:41.7749462Z ├ ƒ /v1/personas/[personaId]/deletion-preview
Production build (windows-latest)	Qualify installed app and packed MCP packages on Node 24.2.0	2026-10-04T06:38:41.7750092Z ├ ƒ /v1/personas/[personaId]/execution-preview
Production build (windows-latest)	Qualify installed app and packed MCP packages on Node 24.2.0	2026-10-04T06:38:41.7750701Z ├ ƒ /v1/personas/[personaId]/export
Production build (windows-latest)	Qualify installed app and packed MCP packages on Node 24.2.0	2026-10-04T06:38:41.7751267Z ├ ƒ /v1/personas/[personaId]/export-preview
Production build (windows-latest)	Qualify installed app and packed MCP packages on Node 24.2.0	2026-10-04T06:38:41.7751861Z ├ ƒ /v1/personas/[personaId]/improvements
Production build (windows-latest)	Qualify installed app and packed MCP packages on Node 24.2.0	2026-10-04T06:38:41.7752578Z ├ ƒ /v1/personas/[personaId]/improvements/[proposalId]/apply
Production build (windows-latest)	Qualify installed app and packed MCP packages on Node 24.2.0	2026-10-04T06:38:41.7757201Z ├ ƒ /v1/personas/[personaId]/improvements/[proposalId]/promote
Production build (windows-latest)	Qualify installed app and packed MCP packages on Node 24.2.0	2026-10-04T06:38:41.7758495Z ├ ƒ /v1/personas/[personaId]/improvements/[proposalId]/reject
Production build (windows-latest)	Qualify installed app and packed MCP packages on Node 24.2.0	2026-10-04T06:38:41.7761551Z ├ ƒ /v1/personas/[personaId]/improvements/[proposalId]/undo
Production build (windows-latest)	Qualify installed app and packed MCP packages on Node 24.2.0	2026-10-04T06:38:41.7763642Z ├ ƒ /v1/personas/[personaId]/memories
Production build (windows-latest)	Qualify installed app and packed MCP packages on Node 24.2.0	2026-10-04T06:38:41.7766114Z ├ ƒ /v1/personas/[personaId]/memories/[memoryId]
Production build (windows-latest)	Qualify installed app and packed MCP packages on Node 24.2.0	2026-10-04T06:38:41.7768214Z ├ ƒ /v1/personas/[personaId]/memories/[memoryId]/activate
Production build (windows-latest)	Qualify installed app and packed MCP packages on Node 24.2.0	2026-10-04T06:38:41.7770601Z ├ ƒ /v1/personas/[personaId]/memories/[memoryId]/correct
Production build (windows-latest)	Qualify installed app and packed MCP packages on Node 24.2.0	2026-10-04T06:38:41.7773532Z ├ ƒ /v1/personas/[personaId]/memories/[memoryId]/pin
Production build (windows-latest)	Qualify installed app and packed MCP packages on Node 24.2.0	2026-10-04T06:38:41.7780476Z ├ ƒ /v1/personas/[personaId]/memories/[memoryId]/resolve-conflict
Production build (windows-latest)	Qualify installed app and packed MCP packages on Node 24.2.0	2026-10-04T06:38:41.7785355Z ├ ƒ /v1/personas/[personaId]/runtime-recovery
Production build (windows-latest)	Qualify installed app and packed MCP packages on Node 24.2.0	2026-10-04T06:38:41.7789446Z ├ ƒ /v1/personas/[personaId]/storage-stats
Production build (windows-latest)	Qualify installed app and packed MCP packages on Node 24.2.0	2026-10-04T06:38:41.7793895Z ├ ƒ /v1/personas/[personaId]/work-items
Production build (windows-latest)	Qualify installed app and packed MCP packages on Node 24.2.0	2026-10-04T06:38:41.7797560Z ├ ƒ /v1/personas/[personaId]/work-items/[workItemId]
Production build (windows-latest)	Qualify installed app and packed MCP packages on Node 24.2.0	2026-10-04T06:38:41.7801955Z ├ ƒ /v1/personas/[personaId]/work-items/[workItemId]/assign
Production build (windows-latest)	Qualify installed app and packed MCP packages on Node 24.2.0	2026-10-04T06:38:41.7806078Z ├ ƒ /v1/personas/[personaId]/work-items/[workItemId]/control
Production build (windows-latest)	Qualify installed app and packed MCP packages on Node 24.2.0	2026-10-04T06:38:41.7810298Z ├ ƒ /v1/personas/[personaId]/work-items/promote-todo
Production build (windows-latest)	Qualify installed app and packed MCP packages on Node 24.2.0	2026-10-04T06:38:41.7812332Z ├ ƒ /v1/personas/readiness
Production build (windows-latest)	Qualify installed app and packed MCP packages on Node 24.2.0	2026-10-04T06:38:41.7818938Z ├ ƒ /v1/personas/settings-options
Production build (windows-latest)	Qualify installed app and packed MCP packages on Node 24.2.0	2026-10-04T06:38:41.7821846Z ├ ƒ /v1/personas/summary
Production build (windows-latest)	Qualify installed app and packed MCP packages on Node 24.2.0	2026-10-04T06:38:41.7826803Z ├ ƒ /v1/roles
Production build (windows-latest)	Qualify installed app and packed MCP packages on Node 24.2.0	2026-10-04T06:38:41.7830377Z ├ ƒ /v1/roles/[roleId]
Production build (windows-latest)	Qualify installed app and packed MCP packages on Node 24.2.0	2026-10-04T06:38:41.7831953Z ├ ƒ /v1/roles/[roleId]/duplicate
Production build (windows-latest)	Qualify installed app and packed MCP packages on Node 24.2.0	2026-10-04T06:38:41.7835494Z ├ ƒ /v1/roles/[roleId]/impact
Production build (windows-latest)	Qualify installed app and packed MCP packages on Node 24.2.0	2026-10-04T06:38:41.7836217Z ├ ƒ /v1/roles/[roleId]/restore
Production build (windows-latest)	Qualify installed app and packed MCP packages on Node 24.2.0	2026-10-04T06:38:41.7838170Z ├ ƒ /v1/roles/[roleId]/rollback
Production build (windows-latest)	Qualify installed app and packed MCP packages on Node 24.2.0	2026-10-04T06:38:41.7838984Z ├ ƒ /v1/roles/[roleId]/versions
Production build (windows-latest)	Qualify installed app and packed MCP packages on Node 24.2.0	2026-10-04T06:38:41.7839559Z ├ ƒ /v1/tasks/[taskId]
Production build (windows-latest)	Qualify installed app and packed MCP packages on Node 24.2.0	2026-10-04T06:38:41.7840069Z ├ ○ /waves
Production build (windows-latest)	Qualify installed app and packed MCP packages on Node 24.2.0	2026-10-04T06:38:41.7840547Z └ ○ /world
Production build (windows-latest)	Qualify installed app and packed MCP packages on Node 24.2.0	2026-10-04T06:38:41.7840781Z 
Production build (windows-latest)	Qualify installed app and packed MCP packages on Node 24.2.0	2026-10-04T06:38:41.7840794Z 
Production build (windows-latest)	Qualify installed app and packed MCP packages on Node 24.2.0	2026-10-04T06:38:41.7841070Z ƒ Proxy (Middleware)
Production build (windows-latest)	Qualify installed app and packed MCP packages on Node 24.2.0	2026-10-04T06:38:41.7841345Z 
Production build (windows-latest)	Qualify installed app and packed MCP packages on Node 24.2.0	2026-10-04T06:38:41.7841728Z ○  (Static)   prerendered as static content
Production build (windows-latest)	Qualify installed app and packed MCP packages on Node 24.2.0	2026-10-04T06:38:41.7842444Z ƒ  (Dynamic)  server-rendered on demand
Production build (windows-latest)	Qualify installed app and packed MCP packages on Node 24.2.0	2026-10-04T06:38:41.7842826Z 
Production build (windows-latest)	Qualify installed app and packed MCP packages on Node 24.2.0	2026-10-04T06:38:42.4317947Z 
Production build (windows-latest)	Qualify installed app and packed MCP packages on Node 24.2.0	2026-10-04T06:38:42.4318935Z > flujo-ai@3.46.3 typecheck:mcp
Production build (windows-latest)	Qualify installed app and packed MCP packages on Node 24.2.0	2026-10-04T06:38:42.4319768Z > npm run typecheck --workspaces --if-present
Production build (windows-latest)	Qualify installed app and packed MCP packages on Node 24.2.0	2026-10-04T06:38:42.4320189Z 
Production build (windows-latest)	Qualify installed app and packed MCP packages on Node 24.2.0	2026-10-04T06:38:42.7787049Z 
Production build (windows-latest)	Qualify installed app and packed MCP packages on Node 24.2.0	2026-10-04T06:38:42.7787935Z > @mario.andreschak/mcp-bash@3.46.3 typecheck
Production build (windows-latest)	Qualify installed app and packed MCP packages on Node 24.2.0	2026-10-04T06:38:42.7788914Z > tsc -p tsconfig.json --noEmit
Production build (windows-latest)	Qualify installed app and packed MCP packages on Node 24.2.0	2026-10-04T06:38:42.7790835Z 
Production build (windows-latest)	Qualify installed app and packed MCP packages on Node 24.2.0	2026-10-04T06:38:44.8315670Z 
Production build (windows-latest)	Qualify installed app and packed MCP packages on Node 24.2.0	2026-10-04T06:38:44.8316506Z > @mario.andreschak/mcp-browser@3.46.3 typecheck
Production build (windows-latest)	Qualify installed app and packed MCP packages on Node 24.2.0	2026-10-04T06:38:44.8317281Z > tsc -p tsconfig.json --noEmit
Production build (windows-latest)	Qualify installed app and packed MCP packages on Node 24.2.0	2026-10-04T06:38:44.8317627Z 
Production build (windows-latest)	Qualify installed app and packed MCP packages on Node 24.2.0	2026-10-04T06:38:47.2549824Z 
Production build (windows-latest)	Qualify installed app and packed MCP packages on Node 24.2.0	2026-10-04T06:38:47.2550832Z > @mario.andreschak/mcp-filesystem@3.46.3 typecheck
Production build (windows-latest)	Qualify installed app and packed MCP packages on Node 24.2.0	2026-10-04T06:38:47.2551730Z > tsc -p tsconfig.json --noEmit
Production build (windows-latest)	Qualify installed app and packed MCP packages on Node 24.2.0	2026-10-04T06:38:47.2552175Z 
Production build (windows-latest)	Qualify installed app and packed MCP packages on Node 24.2.0	2026-10-04T06:38:49.2545847Z 
Production build (windows-latest)	Qualify installed app and packed MCP packages on Node 24.2.0	2026-10-04T06:38:49.2546549Z > @mario.andreschak/mcp-flujo@3.46.3 typecheck
Production build (windows-latest)	Qualify installed app and packed MCP packages on Node 24.2.0	2026-10-04T06:38:49.2547249Z > tsc -p tsconfig.json --noEmit
Production build (windows-latest)	Qualify installed app and packed MCP packages on Node 24.2.0	2026-10-04T06:38:49.2547551Z 
Production build (windows-latest)	Qualify installed app and packed MCP packages on Node 24.2.0	2026-10-04T06:38:50.9098874Z 
Production build (windows-latest)	Qualify installed app and packed MCP packages on Node 24.2.0	2026-10-04T06:38:50.9099764Z > @flujo-ai/mcp-shared@0.1.0 typecheck
Production build (windows-latest)	Qualify installed app and packed MCP packages on Node 24.2.0	2026-10-04T06:38:50.9100573Z > tsc -p tsconfig.json --noEmit
Production build (windows-latest)	Qualify installed app and packed MCP packages on Node 24.2.0	2026-10-04T06:38:50.9101026Z 
Production build (windows-latest)	Qualify installed app and packed MCP packages on Node 24.2.0	2026-10-04T06:38:52.3345160Z 
Production build (windows-latest)	Qualify installed app and packed MCP packages on Node 24.2.0	2026-10-04T06:38:52.3346214Z > flujo-ai@3.46.3 validate:mcp-release
Production build (windows-latest)	Qualify installed app and packed MCP packages on Node 24.2.0	2026-10-04T06:38:52.3347097Z > node scripts/validate-mcp-release.mjs
Production build (windows-latest)	Qualify installed app and packed MCP packages on Node 24.2.0	2026-10-04T06:38:52.3347584Z 
Production build (windows-latest)	Qualify installed app and packed MCP packages on Node 24.2.0	2026-10-04T06:39:03.1973577Z Validated flujo-ai and four standalone MCP packages at 3.46.3.
Production build (windows-latest)	Qualify installed app and packed MCP packages on Node 24.2.0	2026-10-04T06:39:03.1978599Z (node:8660) [DEP0190] DeprecationWarning: Passing args to a child process with shell option true can lead to security vulnerabilities, as the arguments are not escaped, only concatenated.
Production build (windows-latest)	Qualify installed app and packed MCP packages on Node 24.2.0	2026-10-04T06:39:03.1980639Z (Use `node --trace-deprecation ...` to show where the warning was created)
Production build (windows-latest)	Qualify installed app and packed MCP packages on Node 24.2.0	2026-10-04T06:39:03.7442967Z 
Production build (windows-latest)	Qualify installed app and packed MCP packages on Node 24.2.0	2026-10-04T06:39:03.7443812Z > flujo-ai@3.46.3 smoke:mcp-artifacts
Production build (windows-latest)	Qualify installed app and packed MCP packages on Node 24.2.0	2026-10-04T06:39:03.7444903Z > node scripts/smoke-mcp-artifacts.mjs
Production build (windows-latest)	Qualify installed app and packed MCP packages on Node 24.2.0	2026-10-04T06:39:03.7445209Z 
Production build (windows-latest)	Qualify installed app and packed MCP packages on Node 24.2.0	2026-10-04T06:39:04.1260001Z (node:5736) [DEP0190] DeprecationWarning: Passing args to a child process with shell option true can lead to security vulnerabilities, as the arguments are not escaped, only concatenated.
Production build (windows-latest)	Qualify installed app and packed MCP packages on Node 24.2.0	2026-10-04T06:39:04.1262066Z (Use `node --trace-deprecation ...` to show where the warning was created)
Production build (windows-latest)	Qualify installed app and packed MCP packages on Node 24.2.0	2026-10-04T06:47:50.7456403Z Validated isolated packed MCP binaries and the installed FLUJO proxy.
Production build (windows-latest)	Run actions/setup-node@49933ea5288caeca8642d1e84afbd3f7d6820020	﻿2026-10-04T06:47:50.8137547Z ##[group]Run actions/setup-node@49933ea5288caeca8642d1e84afbd3f7d6820020
Production build (windows-latest)	Run actions/setup-node@49933ea5288caeca8642d1e84afbd3f7d6820020	2026-10-04T06:47:50.8138138Z with:
Production build (windows-latest)	Run actions/setup-node@49933ea5288caeca8642d1e84afbd3f7d6820020	2026-10-04T06:47:50.8138410Z   node-version: 24.21.0
Production build (windows-latest)	Run actions/setup-node@49933ea5288caeca8642d1e84afbd3f7d6820020	2026-10-04T06:47:50.8138729Z   cache: npm
Production build (windows-latest)	Run actions/setup-node@49933ea5288caeca8642d1e84afbd3f7d6820020	2026-10-04T06:47:50.8138987Z   always-auth: false
Production build (windows-latest)	Run actions/setup-node@49933ea5288caeca8642d1e84afbd3f7d6820020	2026-10-04T06:47:50.8139290Z   check-latest: false
Production build (windows-latest)	Run actions/setup-node@49933ea5288caeca8642d1e84afbd3f7d6820020	2026-10-04T06:47:50.8141944Z   token: ***
Production build (windows-latest)	Run actions/setup-node@49933ea5288caeca8642d1e84afbd3f7d6820020	2026-10-04T06:47:50.8142214Z ##[endgroup]
Production build (windows-latest)	Run actions/setup-node@49933ea5288caeca8642d1e84afbd3f7d6820020	2026-10-04T06:47:50.9884160Z Found in cache @ C:\hostedtoolcache\windows\node\24.21.0\x64
Production build (windows-latest)	Run actions/setup-node@49933ea5288caeca8642d1e84afbd3f7d6820020	2026-10-04T06:47:50.9891856Z (node:2604) [DEP0040] DeprecationWarning: The `punycode` module is deprecated. Please use a userland alternative instead.
Production build (windows-latest)	Run actions/setup-node@49933ea5288caeca8642d1e84afbd3f7d6820020	2026-10-04T06:47:50.9893259Z (Use `node --trace-deprecation ...` to show where the warning was created)
Production build (windows-latest)	Run actions/setup-node@49933ea5288caeca8642d1e84afbd3f7d6820020	2026-10-04T06:47:50.9894952Z ##[group]Environment details
Production build (windows-latest)	Run actions/setup-node@49933ea5288caeca8642d1e84afbd3f7d6820020	2026-10-04T06:47:56.6046532Z node: v24.21.0
Production build (windows-latest)	Run actions/setup-node@49933ea5288caeca8642d1e84afbd3f7d6820020	2026-10-04T06:47:56.6047144Z npm: 11.19.0
Production build (windows-latest)	Run actions/setup-node@49933ea5288caeca8642d1e84afbd3f7d6820020	2026-10-04T06:47:56.6047762Z yarn: 1.22.22
Production build (windows-latest)	Run actions/setup-node@49933ea5288caeca8642d1e84afbd3f7d6820020	2026-10-04T06:47:56.6048589Z ##[endgroup]
Production build (windows-latest)	Run actions/setup-node@49933ea5288caeca8642d1e84afbd3f7d6820020	2026-10-04T06:47:56.6920604Z [command]C:\Windows\system32\cmd.exe /D /S /C "C:\hostedtoolcache\windows\node\24.21.0\x64\npm.cmd config get cache"
Production build (windows-latest)	Run actions/setup-node@49933ea5288caeca8642d1e84afbd3f7d6820020	2026-10-04T06:47:57.1899260Z C:\npm\cache
Production build (windows-latest)	Run actions/setup-node@49933ea5288caeca8642d1e84afbd3f7d6820020	2026-10-04T06:47:57.4660340Z Cache hit for: node-cache-Windows-x64-npm-9d7b03f918b998623827b00dabde5cdd886120be55b94bedb416cf54e8fb989e
Production build (windows-latest)	Run actions/setup-node@49933ea5288caeca8642d1e84afbd3f7d6820020	2026-10-04T06:47:57.4781710Z (node:2604) [DEP0169] DeprecationWarning: `url.parse()` behavior is not standardized and prone to errors that have security implications. Use the WHATWG URL API instead. CVEs are not issued for `url.parse()` vulnerabilities.
Production build (windows-latest)	Run actions/setup-node@49933ea5288caeca8642d1e84afbd3f7d6820020	2026-10-04T06:47:58.5859916Z Received 134217728 of 397036424 (33.8%), 126.4 MBs/sec
Production build (windows-latest)	Run actions/setup-node@49933ea5288caeca8642d1e84afbd3f7d6820020	2026-10-04T06:47:59.5988772Z Received 327155712 of 397036424 (82.4%), 154.0 MBs/sec
Production build (windows-latest)	Run actions/setup-node@49933ea5288caeca8642d1e84afbd3f7d6820020	2026-10-04T06:48:00.0036325Z Received 397036424 of 397036424 (100.0%), 155.8 MBs/sec
Production build (windows-latest)	Run actions/setup-node@49933ea5288caeca8642d1e84afbd3f7d6820020	2026-10-04T06:48:00.0039386Z Cache Size: ~379 MB (397036424 B)
Production build (windows-latest)	Run actions/setup-node@49933ea5288caeca8642d1e84afbd3f7d6820020	2026-10-04T06:48:00.0072192Z [command]"C:\Program Files\Git\usr\bin\tar.exe" -xf D:/a/_temp/a4db577c-d536-4c8d-b398-2bcdbe5fe891/cache.tzst -P -C D:/a/FLUJO/FLUJO --force-local --use-compress-program "zstd -d"
Production build (windows-latest)	Run actions/setup-node@49933ea5288caeca8642d1e84afbd3f7d6820020	2026-10-04T06:48:06.5623648Z Cache restored successfully
Production build (windows-latest)	Run actions/setup-node@49933ea5288caeca8642d1e84afbd3f7d6820020	2026-10-04T06:48:06.5928742Z Cache restored from key: node-cache-Windows-x64-npm-9d7b03f918b998623827b00dabde5cdd886120be55b94bedb416cf54e8fb989e
Production build (windows-latest)	Verify exact official Node runtime	﻿2026-10-04T06:48:06.6394400Z ##[group]Run node scripts/verify-ci-node.mjs 24.21.0 --record
Production build (windows-latest)	Verify exact official Node runtime	2026-10-04T06:48:06.6395140Z ^[[36;1mnode scripts/verify-ci-node.mjs 24.21.0 --record^[[0m
Production build (windows-latest)	Verify exact official Node runtime	2026-10-04T06:48:06.6480974Z shell: C:\Program Files\PowerShell\7\pwsh.EXE -command ". '{0}'"
Production build (windows-latest)	Verify exact official Node runtime	2026-10-04T06:48:06.6481462Z ##[endgroup]
Production build (windows-latest)	Verify exact official Node runtime	2026-10-04T06:48:12.0621781Z {
Production build (windows-latest)	Verify exact official Node runtime	2026-10-04T06:48:12.0622161Z   "schemaVersion": 1,
Production build (windows-latest)	Verify exact official Node runtime	2026-10-04T06:48:12.0622571Z   "measuredAt": "2026-10-04T06:48:11.956Z",
Production build (windows-latest)	Verify exact official Node runtime	2026-10-04T06:48:12.0622973Z   "expectedVersion": "24.21.0",
Production build (windows-latest)	Verify exact official Node runtime	2026-10-04T06:48:12.0623365Z   "node": "24.21.0",
Production build (windows-latest)	Verify exact official Node runtime	2026-10-04T06:48:12.0623656Z   "libuv": "1.52.1",
Production build (windows-latest)	Verify exact official Node runtime	2026-10-04T06:48:12.0623969Z   "platform": "win32",
Production build (windows-latest)	Verify exact official Node runtime	2026-10-04T06:48:12.0624303Z   "architecture": "x64",
Production build (windows-latest)	Verify exact official Node runtime	2026-10-04T06:48:12.0624637Z   "osRelease": "10.0.26100",
Production build (windows-latest)	Verify exact official Node runtime	2026-10-04T06:48:12.0625167Z   "executableSha256": "ba4e6d110e8c1592a1ecd390f6b05f3da124b13871a5be62b341a07a853c6c32",
Production build (windows-latest)	Verify exact official Node runtime	2026-10-04T06:48:12.0626086Z   "qualificationScope": "official CI runtime binary identity; installed application acceptance requires separate checks",
Production build (windows-latest)	Verify exact official Node runtime	2026-10-04T06:48:12.0627061Z   "signedChecksumsSha256": "f410428039e2c922a14058df067a4482691c9304a5c01a75847f9f3f2d3307f6",
Production build (windows-latest)	Verify exact official Node runtime	2026-10-04T06:48:12.0627713Z   "signingFingerprint": "5BE8A3F6C8A5C01D106C0AD820B1A390B168D356",
Production build (windows-latest)	Verify exact official Node runtime	2026-10-04T06:48:12.0628267Z   "sourceSha": "a5d11370e7a52d6ac92c82accb91fbce87784dd6",
Production build (windows-latest)	Verify exact official Node runtime	2026-10-04T06:48:12.0628697Z   "sourceTreeDirty": false,
Production build (windows-latest)	Verify exact official Node runtime	2026-10-04T06:48:12.0629212Z   "verifierSha256": "9a7b5e2b971454cc59bb8d03b6fc77a3ec8b0be1ef155f817709cb0b8690399a",
Production build (windows-latest)	Verify exact official Node runtime	2026-10-04T06:48:12.0629943Z   "binaryManifestSha256": "c143d1f9fcef870edb7bdb189717a4a92c0486764841aa724e7505c7e42bff9a",
Production build (windows-latest)	Verify exact official Node runtime	2026-10-04T06:48:12.0630708Z   "canonicalGuardSha256": "b3fde29811a79a880f84c95511b33e9dbd3e41ff38e8cafc89b0dad350ebeaba"
Production build (windows-latest)	Verify exact official Node runtime	2026-10-04T06:48:12.0631246Z }
Production build (windows-latest)	Qualify installed app and packed MCP packages on Node 24.21.0	﻿2026-10-04T06:48:12.1861991Z ##[group]Run set -euo pipefail
Production build (windows-latest)	Qualify installed app and packed MCP packages on Node 24.21.0	2026-10-04T06:48:12.1862490Z ^[[36;1mset -euo pipefail^[[0m
Production build (windows-latest)	Qualify installed app and packed MCP packages on Node 24.21.0	2026-10-04T06:48:12.1862853Z ^[[36;1mnpm ci --include=dev^[[0m
Production build (windows-latest)	Qualify installed app and packed MCP packages on Node 24.21.0	2026-10-04T06:48:12.1863164Z ^[[36;1mnpm run build^[[0m
Production build (windows-latest)	Qualify installed app and packed MCP packages on Node 24.21.0	2026-10-04T06:48:12.1863488Z ^[[36;1mnpm run typecheck:mcp^[[0m
Production build (windows-latest)	Qualify installed app and packed MCP packages on Node 24.21.0	2026-10-04T06:48:12.1863848Z ^[[36;1mnpm run validate:mcp-release^[[0m
Production build (windows-latest)	Qualify installed app and packed MCP packages on Node 24.21.0	2026-10-04T06:48:12.1864204Z ^[[36;1mnpm run smoke:mcp-artifacts^[[0m
Production build (windows-latest)	Qualify installed app and packed MCP packages on Node 24.21.0	2026-10-04T06:48:12.1883497Z shell: C:\Program Files\Git\bin\bash.EXE --noprofile --norc -e -o pipefail {0}
Production build (windows-latest)	Qualify installed app and packed MCP packages on Node 24.21.0	2026-10-04T06:48:12.1883994Z ##[endgroup]
Production build (windows-latest)	Qualify installed app and packed MCP packages on Node 24.21.0	2026-10-04T06:48:34.7260904Z npm warn deprecated inflight@1.0.6: This module is not supported, and leaks memory. Do not use it. Check out lru-cache if you want a good and tested way to coalesce async requests by a key value, which is much more comprehensive and powerful.
Production build (windows-latest)	Qualify installed app and packed MCP packages on Node 24.21.0	2026-10-04T06:48:35.5873637Z npm warn deprecated glob@7.2.3: Old versions of glob are not supported, and contain widely publicized security vulnerabilities, which have been fixed in the current version. Please update. Support for old versions may be purchased (at exorbitant rates) by contacting i@izs.me
Production build (windows-latest)	Qualify installed app and packed MCP packages on Node 24.21.0	2026-10-04T06:48:35.6506194Z npm warn deprecated whatwg-encoding@3.1.1: Use @exodus/bytes instead for a more spec-conformant and faster implementation
Production build (windows-latest)	Qualify installed app and packed MCP packages on Node 24.21.0	2026-10-04T06:48:39.2883096Z npm warn deprecated node-domexception@1.0.0: Use your platform's native DOMException instead
Production build (windows-latest)	Qualify installed app and packed MCP packages on Node 24.21.0	2026-10-04T06:48:41.3909537Z npm warn deprecated glob@10.5.0: Old versions of glob are not supported, and contain widely publicized security vulnerabilities, which have been fixed in the current version. Please update. Support for old versions may be purchased (at exorbitant rates) by contacting i@izs.me
Production build (windows-latest)	Qualify installed app and packed MCP packages on Node 24.21.0	2026-10-04T06:49:23.6676878Z 
Production build (windows-latest)	Qualify installed app and packed MCP packages on Node 24.21.0	2026-10-04T06:49:23.6677503Z added 1336 packages, and audited 1343 packages in 1m
Production build (windows-latest)	Qualify installed app and packed MCP packages on Node 24.21.0	2026-10-04T06:49:23.6677934Z 
Production build (windows-latest)	Qualify installed app and packed MCP packages on Node 24.21.0	2026-10-04T06:49:23.6679816Z 446 packages are looking for funding
Production build (windows-latest)	Qualify installed app and packed MCP packages on Node 24.21.0	2026-10-04T06:49:23.6680746Z   run `npm fund` for details
Production build (windows-latest)	Qualify installed app and packed MCP packages on Node 24.21.0	2026-10-04T06:49:23.6695260Z 
Production build (windows-latest)	Qualify installed app and packed MCP packages on Node 24.21.0	2026-10-04T06:49:23.6695607Z found 0 vulnerabilities
Production build (windows-latest)	Qualify installed app and packed MCP packages on Node 24.21.0	2026-10-04T06:49:23.6712423Z npm warn install-scripts 3 packages have install scripts not yet covered by allowScripts:
Production build (windows-latest)	Qualify installed app and packed MCP packages on Node 24.21.0	2026-10-04T06:49:23.6713692Z npm warn install-scripts   @google/genai@2.15.0 (preinstall: echo 'preinstall: no-op')
Production build (windows-latest)	Qualify installed app and packed MCP packages on Node 24.21.0	2026-10-04T06:49:23.6714730Z npm warn install-scripts   protobufjs@7.6.5 (postinstall: node scripts/postinstall)
Production build (windows-latest)	Qualify installed app and packed MCP packages on Node 24.21.0	2026-10-04T06:49:23.6715457Z npm warn install-scripts   unrs-resolver@1.12.2 (postinstall: node postinstall.js)
Production build (windows-latest)	Qualify installed app and packed MCP packages on Node 24.21.0	2026-10-04T06:49:23.6715941Z npm warn install-scripts
Production build (windows-latest)	Qualify installed app and packed MCP packages on Node 24.21.0	2026-10-04T06:49:23.6716567Z npm warn install-scripts Run `npm install-scripts ls` to review, or `npm install-scripts approve <pkg>` to allow.
Production build (windows-latest)	Qualify installed app and packed MCP packages on Node 24.21.0	2026-10-04T06:49:26.0711926Z 
Production build (windows-latest)	Qualify installed app and packed MCP packages on Node 24.21.0	2026-10-04T06:49:26.0712586Z > flujo-ai@3.46.3 build
Production build (windows-latest)	Qualify installed app and packed MCP packages on Node 24.21.0	2026-10-04T06:49:26.0713847Z > npm run build:mcp && node --require ./scripts/exclude-workspaces-from-next-glob.cjs node_modules/next/dist/bin/next build --webpack
Production build (windows-latest)	Qualify installed app and packed MCP packages on Node 24.21.0	2026-10-04T06:49:26.0714734Z 
Production build (windows-latest)	Qualify installed app and packed MCP packages on Node 24.21.0	2026-10-04T06:49:26.3507416Z 
Production build (windows-latest)	Qualify installed app and packed MCP packages on Node 24.21.0	2026-10-04T06:49:26.3508076Z > flujo-ai@3.46.3 build:mcp
Production build (windows-latest)	Qualify installed app and packed MCP packages on Node 24.21.0	2026-10-04T06:49:26.3509523Z > npm run build -w @flujo-ai/mcp-shared && npm run build -w @mario.andreschak/mcp-filesystem && npm run build -w @mario.andreschak/mcp-bash && npm run build -w @mario.andreschak/mcp-browser && npm run build -w @mario.andreschak/mcp-flujo
Production build (windows-latest)	Qualify installed app and packed MCP packages on Node 24.21.0	2026-10-04T06:49:26.3510705Z 
Production build (windows-latest)	Qualify installed app and packed MCP packages on Node 24.21.0	2026-10-04T06:49:26.6611326Z 
Production build (windows-latest)	Qualify installed app and packed MCP packages on Node 24.21.0	2026-10-04T06:49:26.6612032Z > @flujo-ai/mcp-shared@0.1.0 build
Production build (windows-latest)	Qualify installed app and packed MCP packages on Node 24.21.0	2026-10-04T06:49:26.6612637Z > tsc -p tsconfig.json
Production build (windows-latest)	Qualify installed app and packed MCP packages on Node 24.21.0	2026-10-04T06:49:26.6612838Z 
Production build (windows-latest)	Qualify installed app and packed MCP packages on Node 24.21.0	2026-10-04T06:49:27.8558972Z 
Production build (windows-latest)	Qualify installed app and packed MCP packages on Node 24.21.0	2026-10-04T06:49:27.8559773Z > @mario.andreschak/mcp-filesystem@3.46.3 build
Production build (windows-latest)	Qualify installed app and packed MCP packages on Node 24.21.0	2026-10-04T06:49:27.8561061Z > tsc -p tsconfig.json && node ../embed-shared.mjs filesystem && node ../embed-runtime.mjs filesystem
Production build (windows-latest)	Qualify installed app and packed MCP packages on Node 24.21.0	2026-10-04T06:49:27.8561795Z 
Production build (windows-latest)	Qualify installed app and packed MCP packages on Node 24.21.0	2026-10-04T06:49:30.0958889Z 
Production build (windows-latest)	Qualify installed app and packed MCP packages on Node 24.21.0	2026-10-04T06:49:30.0959952Z > @mario.andreschak/mcp-bash@3.46.3 build
Production build (windows-latest)	Qualify installed app and packed MCP packages on Node 24.21.0	2026-10-04T06:49:30.0961076Z > tsc -p tsconfig.json && node ../embed-shared.mjs bash && node ../embed-runtime.mjs bash
Production build (windows-latest)	Qualify installed app and packed MCP packages on Node 24.21.0	2026-10-04T06:49:30.0964359Z 
Production build (windows-latest)	Qualify installed app and packed MCP packages on Node 24.21.0	2026-10-04T06:49:32.3686266Z 
Production build (windows-latest)	Qualify installed app and packed MCP packages on Node 24.21.0	2026-10-04T06:49:32.3687106Z > @mario.andreschak/mcp-browser@3.46.3 build
Production build (windows-latest)	Qualify installed app and packed MCP packages on Node 24.21.0	2026-10-04T06:49:32.3688058Z > tsc -p tsconfig.json && node ../embed-runtime.mjs browser
Production build (windows-latest)	Qualify installed app and packed MCP packages on Node 24.21.0	2026-10-04T06:49:32.3688461Z 
Production build (windows-latest)	Qualify installed app and packed MCP packages on Node 24.21.0	2026-10-04T06:49:35.0108900Z 
Production build (windows-latest)	Qualify installed app and packed MCP packages on Node 24.21.0	2026-10-04T06:49:35.0109781Z > @mario.andreschak/mcp-flujo@3.46.3 build
Production build (windows-latest)	Qualify installed app and packed MCP packages on Node 24.21.0	2026-10-04T06:49:35.0110815Z > tsc -p tsconfig.json && node ../embed-runtime.mjs flujo
Production build (windows-latest)	Qualify installed app and packed MCP packages on Node 24.21.0	2026-10-04T06:49:35.0111330Z 
Production build (windows-latest)	Qualify installed app and packed MCP packages on Node 24.21.0	2026-10-04T06:49:37.1864274Z ▲ Next.js 16.3.8 (webpack)
Production build (windows-latest)	Qualify installed app and packed MCP packages on Node 24.21.0	2026-10-04T06:49:37.2218066Z ✓ Running next.config.mjs took 34ms
Production build (windows-latest)	Qualify installed app and packed MCP packages on Node 24.21.0	2026-10-04T06:49:37.5595590Z - Experiments (use with caution):
Production build (windows-latest)	Qualify installed app and packed MCP packages on Node 24.21.0	2026-10-04T06:49:37.5597617Z   · proxyClientMaxBodySize: "100mb"
Production build (windows-latest)	Qualify installed app and packed MCP packages on Node 24.21.0	2026-10-04T06:49:37.5599042Z   ✓ webpackBuildWorker
Production build (windows-latest)	Qualify installed app and packed MCP packages on Node 24.21.0	2026-10-04T06:49:37.5600270Z   ✓ webpackMemoryOptimizations
Production build (windows-latest)	Qualify installed app and packed MCP packages on Node 24.21.0	2026-10-04T06:49:37.5603194Z 
Production build (windows-latest)	Qualify installed app and packed MCP packages on Node 24.21.0	2026-10-04T06:49:37.6516112Z   Creating an optimized production build ...
Production build (windows-latest)	Qualify installed app and packed MCP packages on Node 24.21.0	2026-10-04T06:49:38.5811810Z   Using tsconfig file: tsconfig.build.json
Production build (windows-latest)	Qualify installed app and packed MCP packages on Node 24.21.0	2026-10-04T06:51:05.3099151Z   Using tsconfig file: tsconfig.build.json
Production build (windows-latest)	Qualify installed app and packed MCP packages on Node 24.21.0	2026-10-04T06:51:06.7139669Z   Using tsconfig file: tsconfig.build.json
Production build (windows-latest)	Qualify installed app and packed MCP packages on Node 24.21.0	2026-10-04T06:51:23.3528289Z ✓ Compiled successfully in 101s
Production build (windows-latest)	Qualify installed app and packed MCP packages on Node 24.21.0	2026-10-04T06:51:23.3628571Z   Running TypeScript ...
Production build (windows-latest)	Qualify installed app and packed MCP packages on Node 24.21.0	2026-10-04T06:51:30.4085362Z   Finished TypeScript in 7.0s ...
Production build (windows-latest)	Qualify installed app and packed MCP packages on Node 24.21.0	2026-10-04T06:51:30.4123835Z   Collecting page data using 3 workers ...
Production build (windows-latest)	Qualify installed app and packed MCP packages on Node 24.21.0	2026-10-04T06:51:37.8100945Z   Generating static pages using 3 workers (0/122) ...
Production build (windows-latest)	Qualify installed app and packed MCP packages on Node 24.21.0	2026-10-04T06:51:46.6541610Z   Generating static pages using 3 workers (30/122) 
Production build (windows-latest)	Qualify installed app and packed MCP packages on Node 24.21.0	2026-10-04T06:51:48.8833160Z   Generating static pages using 3 workers (60/122) 
Production build (windows-latest)	Qualify installed app and packed MCP packages on Node 24.21.0	2026-10-04T06:51:50.4877363Z   Generating static pages using 3 workers (91/122) 
Production build (windows-latest)	Qualify installed app and packed MCP packages on Node 24.21.0	2026-10-04T06:51:52.1064885Z ✓ Generating static pages using 3 workers (122/122) in 14.3s
Production build (windows-latest)	Qualify installed app and packed MCP packages on Node 24.21.0	2026-10-04T06:52:05.7648968Z   Finalizing page optimization ...
Production build (windows-latest)	Qualify installed app and packed MCP packages on Node 24.21.0	2026-10-04T06:52:05.7649800Z   Collecting build traces ...
Production build (windows-latest)	Qualify installed app and packed MCP packages on Node 24.21.0	2026-10-04T06:52:20.3524614Z 
Production build (windows-latest)	Qualify installed app and packed MCP packages on Node 24.21.0	2026-10-04T06:52:20.3584469Z Route (app)
Production build (windows-latest)	Qualify installed app and packed MCP packages on Node 24.21.0	2026-10-04T06:52:20.3585449Z ┌ ○ /
Production build (windows-latest)	Qualify installed app and packed MCP packages on Node 24.21.0	2026-10-04T06:52:20.3589283Z ├ ○ /_not-found
Production build (windows-latest)	Qualify installed app and packed MCP packages on Node 24.21.0	2026-10-04T06:52:20.3589996Z ├ ƒ /api/approvals
Production build (windows-latest)	Qualify installed app and packed MCP packages on Node 24.21.0	2026-10-04T06:52:20.3594930Z ├ ƒ /api/approvals/[id]
Production build (windows-latest)	Qualify installed app and packed MCP packages on Node 24.21.0	2026-10-04T06:52:20.3599032Z ├ ƒ /api/automation-map
Production build (windows-latest)	Qualify installed app and packed MCP packages on Node 24.21.0	2026-10-04T06:52:20.3599674Z ├ ƒ /api/avatar/[voiceAction]
Production build (windows-latest)	Qualify installed app and packed MCP packages on Node 24.21.0	2026-10-04T06:52:20.3607430Z ├ ƒ /api/avatar/connections
Production build (windows-latest)	Qualify installed app and packed MCP packages on Node 24.21.0	2026-10-04T06:52:20.3608137Z ├ ƒ /api/avatar/remote/[voiceAction]
Production build (windows-latest)	Qualify installed app and packed MCP packages on Node 24.21.0	2026-10-04T06:52:20.3612248Z ├ ƒ /api/avatar/remote/availability
Production build (windows-latest)	Qualify installed app and packed MCP packages on Node 24.21.0	2026-10-04T06:52:20.3612992Z ├ ƒ /api/avatar/voice
Production build (windows-latest)	Qualify installed app and packed MCP packages on Node 24.21.0	2026-10-04T06:52:20.3616583Z ├ ƒ /api/avatar/work-model
Production build (windows-latest)	Qualify installed app and packed MCP packages on Node 24.21.0	2026-10-04T06:52:20.3617333Z ├ ƒ /api/avatar/world
Production build (windows-latest)	Qualify installed app and packed MCP packages on Node 24.21.0	2026-10-04T06:52:20.3621584Z ├ ƒ /api/backup
Production build (windows-latest)	Qualify installed app and packed MCP packages on Node 24.21.0	2026-10-04T06:52:20.3622257Z ├ ƒ /api/browse
Production build (windows-latest)	Qualify installed app and packed MCP packages on Node 24.21.0	2026-10-04T06:52:20.3626500Z ├ ƒ /api/bugs/enhance
Production build (windows-latest)	Qualify installed app and packed MCP packages on Node 24.21.0	2026-10-04T06:52:20.3627232Z ├ ƒ /api/cloud/instance
Production build (windows-latest)	Qualify installed app and packed MCP packages on Node 24.21.0	2026-10-04T06:52:20.3627893Z ├ ƒ /api/cwd
Production build (windows-latest)	Qualify installed app and packed MCP packages on Node 24.21.0	2026-10-04T06:52:20.3632080Z ├ ƒ /api/encryption/secure
Production build (windows-latest)	Qualify installed app and packed MCP packages on Node 24.21.0	2026-10-04T06:52:20.3632716Z ├ ƒ /api/env
Production build (windows-latest)	Qualify installed app and packed MCP packages on Node 24.21.0	2026-10-04T06:52:20.3636992Z ├ ƒ /api/flow
Production build (windows-latest)	Qualify installed app and packed MCP packages on Node 24.21.0	2026-10-04T06:52:20.3637546Z ├ ƒ /api/flow/[id]
Production build (windows-latest)	Qualify installed app and packed MCP packages on Node 24.21.0	2026-10-04T06:52:20.3642481Z ├ ƒ /api/flow/[id]/convert-process-to-subflow
Production build (windows-latest)	Qualify installed app and packed MCP packages on Node 24.21.0	2026-10-04T06:52:20.3643455Z ├ ƒ /api/flow/[id]/versions
Production build (windows-latest)	Qualify installed app and packed MCP packages on Node 24.21.0	2026-10-04T06:52:20.3648094Z ├ ƒ /api/flow/[id]/versions/[versionId]
Production build (windows-latest)	Qualify installed app and packed MCP packages on Node 24.21.0	2026-10-04T06:52:20.3648723Z ├ ƒ /api/flow/assist
Production build (windows-latest)	Qualify installed app and packed MCP packages on Node 24.21.0	2026-10-04T06:52:20.3652968Z ├ ƒ /api/flow/compile
Production build (windows-latest)	Qualify installed app and packed MCP packages on Node 24.21.0	2026-10-04T06:52:20.3653536Z ├ ƒ /api/flow/generate
Production build (windows-latest)	Qualify installed app and packed MCP packages on Node 24.21.0	2026-10-04T06:52:20.3654137Z ├ ƒ /api/flow/generate/visual
Production build (windows-latest)	Qualify installed app and packed MCP packages on Node 24.21.0	2026-10-04T06:52:20.3654727Z ├ ƒ /api/flow/generator
Production build (windows-latest)	Qualify installed app and packed MCP packages on Node 24.21.0	2026-10-04T06:52:20.3655285Z ├ ƒ /api/flow/improve
Production build (windows-latest)	Qualify installed app and packed MCP packages on Node 24.21.0	2026-10-04T06:52:20.3655825Z ├ ƒ /api/flow/model-agent
Production build (windows-latest)	Qualify installed app and packed MCP packages on Node 24.21.0	2026-10-04T06:52:20.3656416Z ├ ƒ /api/flow/prompt-renderer
Production build (windows-latest)	Qualify installed app and packed MCP packages on Node 24.21.0	2026-10-04T06:52:20.3656994Z ├ ƒ /api/flow/quick-chat
Production build (windows-latest)	Qualify installed app and packed MCP packages on Node 24.21.0	2026-10-04T06:52:20.3657530Z ├ ƒ /api/flow/repair
Production build (windows-latest)	Qualify installed app and packed MCP packages on Node 24.21.0	2026-10-04T06:52:20.3658537Z ├ ƒ /api/git
Production build (windows-latest)	Qualify installed app and packed MCP packages on Node 24.21.0	2026-10-04T06:52:20.3659146Z ├ ƒ /api/init
Production build (windows-latest)	Qualify installed app and packed MCP packages on Node 24.21.0	2026-10-04T06:52:20.3660092Z ├ ƒ /api/local-models/capability
Production build (windows-latest)	Qualify installed app and packed MCP packages on Node 24.21.0	2026-10-04T06:52:20.3660831Z ├ ƒ /api/local-models/pull
Production build (windows-latest)	Qualify installed app and packed MCP packages on Node 24.21.0	2026-10-04T06:52:20.3662820Z ├ ƒ /api/local-models/suggest
Production build (windows-latest)	Qualify installed app and packed MCP packages on Node 24.21.0	2026-10-04T06:52:20.3663414Z ├ ƒ /api/mcp-registry
Production build (windows-latest)	Qualify installed app and packed MCP packages on Node 24.21.0	2026-10-04T06:52:20.3664022Z ├ ƒ /api/mcp-registry/spotlight
Production build (windows-latest)	Qualify installed app and packed MCP packages on Node 24.21.0	2026-10-04T06:52:20.3664625Z ├ ƒ /api/mcp/app-consent
Production build (windows-latest)	Qualify installed app and packed MCP packages on Node 24.21.0	2026-10-04T06:52:20.3665158Z ├ ƒ /api/mcp/app-sandbox
Production build (windows-latest)	Qualify installed app and packed MCP packages on Node 24.21.0	2026-10-04T06:52:20.3665694Z ├ ƒ /api/mcp/assistant
Production build (windows-latest)	Qualify installed app and packed MCP packages on Node 24.21.0	2026-10-04T06:52:20.3666223Z ├ ƒ /api/mcp/cancel
Production build (windows-latest)	Qualify installed app and packed MCP packages on Node 24.21.0	2026-10-04T06:52:20.3666724Z ├ ƒ /api/mcp/flujo/authoring
Production build (windows-latest)	Qualify installed app and packed MCP packages on Node 24.21.0	2026-10-04T06:52:20.3667313Z ├ ƒ /api/mcp/flujo/automation
Production build (windows-latest)	Qualify installed app and packed MCP packages on Node 24.21.0	2026-10-04T06:52:20.3667891Z ├ ƒ /api/mcp/flujo/flows
Production build (windows-latest)	Qualify installed app and packed MCP packages on Node 24.21.0	2026-10-04T06:52:20.3668464Z ├ ƒ /api/mcp/flujo/resources
Production build (windows-latest)	Qualify installed app and packed MCP packages on Node 24.21.0	2026-10-04T06:52:20.3669062Z ├ ƒ /api/mcp/flujo/resources/read
Production build (windows-latest)	Qualify installed app and packed MCP packages on Node 24.21.0	2026-10-04T06:52:20.3670737Z ├ ƒ /api/mcp/flujo/servers
Production build (windows-latest)	Qualify installed app and packed MCP packages on Node 24.21.0	2026-10-04T06:52:20.3671314Z ├ ƒ /api/mcp/flujo/skills
Production build (windows-latest)	Qualify installed app and packed MCP packages on Node 24.21.0	2026-10-04T06:52:20.3671831Z ├ ƒ /api/mcp/flujo/state
Production build (windows-latest)	Qualify installed app and packed MCP packages on Node 24.21.0	2026-10-04T06:52:20.3672397Z ├ ƒ /api/mcp/flujo/tools
Production build (windows-latest)	Qualify installed app and packed MCP packages on Node 24.21.0	2026-10-04T06:52:20.3672947Z ├ ƒ /api/mcp/oauth-capability
Production build (windows-latest)	Qualify installed app and packed MCP packages on Node 24.21.0	2026-10-04T06:52:20.3673506Z ├ ƒ /api/mcp/servers
Production build (windows-latest)	Qualify installed app and packed MCP packages on Node 24.21.0	2026-10-04T06:52:20.3674025Z ├ ƒ /api/mcp/servers/[name]
Production build (windows-latest)	Qualify installed app and packed MCP packages on Node 24.21.0	2026-10-04T06:52:20.3674629Z ├ ƒ /api/mcp/servers/[name]/prompts
Production build (windows-latest)	Qualify installed app and packed MCP packages on Node 24.21.0	2026-10-04T06:52:20.3675388Z ├ ƒ /api/mcp/servers/[name]/prompts/get
Production build (windows-latest)	Qualify installed app and packed MCP packages on Node 24.21.0	2026-10-04T06:52:20.3676034Z ├ ƒ /api/mcp/servers/[name]/resources
Production build (windows-latest)	Qualify installed app and packed MCP packages on Node 24.21.0	2026-10-04T06:52:20.3676674Z ├ ƒ /api/mcp/servers/[name]/resources/read
Production build (windows-latest)	Qualify installed app and packed MCP packages on Node 24.21.0	2026-10-04T06:52:20.3677357Z ├ ƒ /api/mcp/servers/[name]/skills
Production build (windows-latest)	Qualify installed app and packed MCP packages on Node 24.21.0	2026-10-04T06:52:20.3677978Z ├ ƒ /api/mcp/servers/[name]/skills/approve
Production build (windows-latest)	Qualify installed app and packed MCP packages on Node 24.21.0	2026-10-04T06:52:20.3678578Z ├ ƒ /api/mcp/servers/[name]/skills/get
Production build (windows-latest)	Qualify installed app and packed MCP packages on Node 24.21.0	2026-10-04T06:52:20.3679217Z ├ ƒ /api/mcp/servers/[name]/skills/load
Production build (windows-latest)	Qualify installed app and packed MCP packages on Node 24.21.0	2026-10-04T06:52:20.3679838Z ├ ƒ /api/mcp/servers/[name]/status
Production build (windows-latest)	Qualify installed app and packed MCP packages on Node 24.21.0	2026-10-04T06:52:20.3680983Z ├ ƒ /api/mcp/servers/[name]/stdio-oauth/confirm
Production build (windows-latest)	Qualify installed app and packed MCP packages on Node 24.21.0	2026-10-04T06:52:20.3681717Z ├ ƒ /api/mcp/servers/[name]/stdio-oauth/start
Production build (windows-latest)	Qualify installed app and packed MCP packages on Node 24.21.0	2026-10-04T06:52:20.3682371Z ├ ƒ /api/mcp/servers/[name]/tools
Production build (windows-latest)	Qualify installed app and packed MCP packages on Node 24.21.0	2026-10-04T06:52:20.3683083Z ├ ƒ /api/mcp/servers/[name]/tools/[toolName]
Production build (windows-latest)	Qualify installed app and packed MCP packages on Node 24.21.0	2026-10-04T06:52:20.3683803Z ├ ƒ /api/mcp/servers/[name]/tools/[toolName]/stream
Production build (windows-latest)	Qualify installed app and packed MCP packages on Node 24.21.0	2026-10-04T06:52:20.3684548Z ├ ƒ /api/mcp/test-connection
Production build (windows-latest)	Qualify installed app and packed MCP packages on Node 24.21.0	2026-10-04T06:52:20.3685208Z ├ ƒ /api/mcp/test-connection/stream
Production build (windows-latest)	Qualify installed app and packed MCP packages on Node 24.21.0	2026-10-04T06:52:20.3685857Z ├ ƒ /api/model
Production build (windows-latest)	Qualify installed app and packed MCP packages on Node 24.21.0	2026-10-04T06:52:20.3686325Z ├ ƒ /api/model/[id]
Production build (windows-latest)	Qualify installed app and packed MCP packages on Node 24.21.0	2026-10-04T06:52:20.3686897Z ├ ƒ /api/model/provider
Production build (windows-latest)	Qualify installed app and packed MCP packages on Node 24.21.0	2026-10-04T06:52:20.3687441Z ├ ƒ /api/model/test
Production build (windows-latest)	Qualify installed app and packed MCP packages on Node 24.21.0	2026-10-04T06:52:20.3687966Z ├ ƒ /api/network-exposure
Production build (windows-latest)	Qualify installed app and packed MCP packages on Node 24.21.0	2026-10-04T06:52:20.3688523Z ├ ƒ /api/oauth/callback
Production build (windows-latest)	Qualify installed app and packed MCP packages on Node 24.21.0	2026-10-04T06:52:20.3689113Z ├ ƒ /api/oauth/initiate
Production build (windows-latest)	Qualify installed app and packed MCP packages on Node 24.21.0	2026-10-04T06:52:20.3689710Z ├ ƒ /api/oauth/reset
Production build (windows-latest)	Qualify installed app and packed MCP packages on Node 24.21.0	2026-10-04T06:52:20.3690323Z ├ ƒ /api/packages/build
Production build (windows-latest)	Qualify installed app and packed MCP packages on Node 24.21.0	2026-10-04T06:52:20.3690930Z ├ ƒ /api/packages/derive-secrets
Production build (windows-latest)	Qualify installed app and packed MCP packages on Node 24.21.0	2026-10-04T06:52:20.3691591Z ├ ƒ /api/packages/install
Production build (windows-latest)	Qualify installed app and packed MCP packages on Node 24.21.0	2026-10-04T06:52:20.3694259Z ├ ƒ /api/packages/install/status
Production build (windows-latest)	Qualify installed app and packed MCP packages on Node 24.21.0	2026-10-04T06:52:20.3694897Z ├ ƒ /api/packages/installed
Production build (windows-latest)	Qualify installed app and packed MCP packages on Node 24.21.0	2026-10-04T06:52:20.3695503Z ├ ƒ /api/packages/resolve
Production build (windows-latest)	Qualify installed app and packed MCP packages on Node 24.21.0	2026-10-04T06:52:20.3696117Z ├ ƒ /api/packages/scan-targets
Production build (windows-latest)	Qualify installed app and packed MCP packages on Node 24.21.0	2026-10-04T06:52:20.3696678Z ├ ƒ /api/packages/search
Production build (windows-latest)	Qualify installed app and packed MCP packages on Node 24.21.0	2026-10-04T06:52:20.3697278Z ├ ƒ /api/packages/uninstall
Production build (windows-latest)	Qualify installed app and packed MCP packages on Node 24.21.0	2026-10-04T06:52:20.3697845Z ├ ƒ /api/persona-recovery
Production build (windows-latest)	Qualify installed app and packed MCP packages on Node 24.21.0	2026-10-04T06:52:20.3698419Z ├ ƒ /api/planned-executions
Production build (windows-latest)	Qualify installed app and packed MCP packages on Node 24.21.0	2026-10-04T06:52:20.3699003Z ├ ƒ /api/planned-executions/[id]
Production build (windows-latest)	Qualify installed app and packed MCP packages on Node 24.21.0	2026-10-04T06:52:20.3699732Z ├ ƒ /api/planned-executions/[id]/run
Production build (windows-latest)	Qualify installed app and packed MCP packages on Node 24.21.0	2026-10-04T06:52:20.3700705Z ├ ƒ /api/planned-executions/[id]/runs
Production build (windows-latest)	Qualify installed app and packed MCP packages on Node 24.21.0	2026-10-04T06:52:20.3701462Z ├ ƒ /api/planned-executions/[id]/worker-recovery
Production build (windows-latest)	Qualify installed app and packed MCP packages on Node 24.21.0	2026-10-04T06:52:20.3702282Z ├ ƒ /api/planned-executions/preview-schedule
Production build (windows-latest)	Qualify installed app and packed MCP packages on Node 24.21.0	2026-10-04T06:52:20.3703025Z ├ ƒ /api/planned-executions/reconcile
Production build (windows-latest)	Qualify installed app and packed MCP packages on Node 24.21.0	2026-10-04T06:52:20.3703709Z ├ ƒ /api/reference-search/files
Production build (windows-latest)	Qualify installed app and packed MCP packages on Node 24.21.0	2026-10-04T06:52:20.3704570Z ├ ƒ /api/registry/auth
Production build (windows-latest)	Qualify installed app and packed MCP packages on Node 24.21.0	2026-10-04T06:52:20.3705160Z ├ ƒ /api/registry/auth/resend
Production build (windows-latest)	Qualify installed app and packed MCP packages on Node 24.21.0	2026-10-04T06:52:20.3705758Z ├ ƒ /api/registry/auth/reset
Production build (windows-latest)	Qualify installed app and packed MCP packages on Node 24.21.0	2026-10-04T06:52:20.3706348Z ├ ƒ /api/registry/feedback
Production build (windows-latest)	Qualify installed app and packed MCP packages on Node 24.21.0	2026-10-04T06:52:20.3706917Z ├ ƒ /api/registry/oauth/callback
Production build (windows-latest)	Qualify installed app and packed MCP packages on Node 24.21.0	2026-10-04T06:52:20.3708144Z ├ ƒ /api/registry/oauth/initiate
Production build (windows-latest)	Qualify installed app and packed MCP packages on Node 24.21.0	2026-10-04T06:52:20.3708793Z ├ ƒ /api/registry/packages
Production build (windows-latest)	Qualify installed app and packed MCP packages on Node 24.21.0	2026-10-04T06:52:20.3710567Z ├ ƒ /api/registry/publish
Production build (windows-latest)	Qualify installed app and packed MCP packages on Node 24.21.0	2026-10-04T06:52:20.3711168Z ├ ƒ /api/registry/settings
Production build (windows-latest)	Qualify installed app and packed MCP packages on Node 24.21.0	2026-10-04T06:52:20.3711789Z ├ ƒ /api/restore
Production build (windows-latest)	Qualify installed app and packed MCP packages on Node 24.21.0	2026-10-04T06:52:20.3712287Z ├ ƒ /api/runs/active
Production build (windows-latest)	Qualify installed app and packed MCP packages on Node 24.21.0	2026-10-04T06:52:20.3712803Z ├ ƒ /api/runtime-environment
Production build (windows-latest)	Qualify installed app and packed MCP packages on Node 24.21.0	2026-10-04T06:52:20.3713370Z ├ ƒ /api/setup/ai-cli
Production build (windows-latest)	Qualify installed app and packed MCP packages on Node 24.21.0	2026-10-04T06:52:20.3713924Z ├ ƒ /api/snapshot/abort
Production build (windows-latest)	Qualify installed app and packed MCP packages on Node 24.21.0	2026-10-04T06:52:20.3714451Z ├ ƒ /api/snapshot/begin
Production build (windows-latest)	Qualify installed app and packed MCP packages on Node 24.21.0	2026-10-04T06:52:20.3714999Z ├ ƒ /api/snapshot/download
Production build (windows-latest)	Qualify installed app and packed MCP packages on Node 24.21.0	2026-10-04T06:52:20.3715558Z ├ ƒ /api/snapshot/finalize
Production build (windows-latest)	Qualify installed app and packed MCP packages on Node 24.21.0	2026-10-04T06:52:20.3716097Z ├ ƒ /api/snapshot/info
Production build (windows-latest)	Qualify installed app and packed MCP packages on Node 24.21.0	2026-10-04T06:52:20.3716630Z ├ ƒ /api/snapshot/status
Production build (windows-latest)	Qualify installed app and packed MCP packages on Node 24.21.0	2026-10-04T06:52:20.3717170Z ├ ƒ /api/snapshots
Production build (windows-latest)	Qualify installed app and packed MCP packages on Node 24.21.0	2026-10-04T06:52:20.3717705Z ├ ƒ /api/snapshots/cleanup
Production build (windows-latest)	Qualify installed app and packed MCP packages on Node 24.21.0	2026-10-04T06:52:20.3718270Z ├ ƒ /api/snapshots/open-folder
Production build (windows-latest)	Qualify installed app and packed MCP packages on Node 24.21.0	2026-10-04T06:52:20.3718843Z ├ ƒ /api/statistics
Production build (windows-latest)	Qualify installed app and packed MCP packages on Node 24.21.0	2026-10-04T06:52:20.3719329Z ├ ƒ /api/storage
Production build (windows-latest)	Qualify installed app and packed MCP packages on Node 24.21.0	2026-10-04T06:52:20.3720245Z ├ ƒ /api/telemetry/daily-active
Production build (windows-latest)	Qualify installed app and packed MCP packages on Node 24.21.0	2026-10-04T06:52:20.3720850Z ├ ƒ /api/tickets
Production build (windows-latest)	Qualify installed app and packed MCP packages on Node 24.21.0	2026-10-04T06:52:20.3721384Z ├ ƒ /api/tickets/[id]
Production build (windows-latest)	Qualify installed app and packed MCP packages on Node 24.21.0	2026-10-04T06:52:20.3721920Z ├ ƒ /api/transcription
Production build (windows-latest)	Qualify installed app and packed MCP packages on Node 24.21.0	2026-10-04T06:52:20.3722396Z ├ ƒ /api/update
Production build (windows-latest)	Qualify installed app and packed MCP packages on Node 24.21.0	2026-10-04T06:52:20.3722872Z ├ ƒ /api/waves
Production build (windows-latest)	Qualify installed app and packed MCP packages on Node 24.21.0	2026-10-04T06:52:20.3723373Z ├ ƒ /api/webhooks/[id]
Production build (windows-latest)	Qualify installed app and packed MCP packages on Node 24.21.0	2026-10-04T06:52:20.3723916Z ├ ƒ /api/worker/status
Production build (windows-latest)	Qualify installed app and packed MCP packages on Node 24.21.0	2026-10-04T06:52:20.3724413Z ├ ƒ /api/workspaces
Production build (windows-latest)	Qualify installed app and packed MCP packages on Node 24.21.0	2026-10-04T06:52:20.3724942Z ├ ○ /automation/triggers
Production build (windows-latest)	Qualify installed app and packed MCP packages on Node 24.21.0	2026-10-04T06:52:20.3725496Z ├ ○ /automation/waves
Production build (windows-latest)	Qualify installed app and packed MCP packages on Node 24.21.0	2026-10-04T06:52:20.3725951Z ├ ○ /chain-chat
Production build (windows-latest)	Qualify installed app and packed MCP packages on Node 24.21.0	2026-10-04T06:52:20.3726408Z ├ ○ /chat
Production build (windows-latest)	Qualify installed app and packed MCP packages on Node 24.21.0	2026-10-04T06:52:20.3726846Z ├ ○ /docs
Production build (windows-latest)	Qualify installed app and packed MCP packages on Node 24.21.0	2026-10-04T06:52:20.3727322Z ├ ○ /executions
Production build (windows-latest)	Qualify installed app and packed MCP packages on Node 24.21.0	2026-10-04T06:52:20.3727737Z ├ ○ /flows
Production build (windows-latest)	Qualify installed app and packed MCP packages on Node 24.21.0	2026-10-04T06:52:20.3728183Z ├ ○ /mcp
Production build (windows-latest)	Qualify installed app and packed MCP packages on Node 24.21.0	2026-10-04T06:52:20.3728628Z ├ ƒ /mcp-flows
Production build (windows-latest)	Qualify installed app and packed MCP packages on Node 24.21.0	2026-10-04T06:52:20.3729098Z ├ ƒ /mcp-proxy/[server]
Production build (windows-latest)	Qualify installed app and packed MCP packages on Node 24.21.0	2026-10-04T06:52:20.3729603Z ├ ○ /meetings
Production build (windows-latest)	Qualify installed app and packed MCP packages on Node 24.21.0	2026-10-04T06:52:20.3730057Z ├ ƒ /models
Production build (windows-latest)	Qualify installed app and packed MCP packages on Node 24.21.0	2026-10-04T06:52:20.3730466Z ├ ○ /packages
Production build (windows-latest)	Qualify installed app and packed MCP packages on Node 24.21.0	2026-10-04T06:52:20.3730939Z ├ ○ /personas
Production build (windows-latest)	Qualify installed app and packed MCP packages on Node 24.21.0	2026-10-04T06:52:20.3731454Z ├ ƒ /personas/[personaId]
Production build (windows-latest)	Qualify installed app and packed MCP packages on Node 24.21.0	2026-10-04T06:52:20.3732099Z ├ ○ /roles
Production build (windows-latest)	Qualify installed app and packed MCP packages on Node 24.21.0	2026-10-04T06:52:20.3732526Z ├ ƒ /roles/[roleId]
Production build (windows-latest)	Qualify installed app and packed MCP packages on Node 24.21.0	2026-10-04T06:52:20.3733042Z ├ ƒ /roles/[roleId]/edit
Production build (windows-latest)	Qualify installed app and packed MCP packages on Node 24.21.0	2026-10-04T06:52:20.3733551Z ├ ○ /roles/new
Production build (windows-latest)	Qualify installed app and packed MCP packages on Node 24.21.0	2026-10-04T06:52:20.3733984Z ├ ○ /settings
Production build (windows-latest)	Qualify installed app and packed MCP packages on Node 24.21.0	2026-10-04T06:52:20.3734437Z ├ ○ /statistics
Production build (windows-latest)	Qualify installed app and packed MCP packages on Node 24.21.0	2026-10-04T06:52:20.3734942Z ├ ƒ /v1/chat/completions
Production build (windows-latest)	Qualify installed app and packed MCP packages on Node 24.21.0	2026-10-04T06:52:20.3735550Z ├ ƒ /v1/chat/conversation-chains
Production build (windows-latest)	Qualify installed app and packed MCP packages on Node 24.21.0	2026-10-04T06:52:20.3736123Z ├ ƒ /v1/chat/conversations
Production build (windows-latest)	Qualify installed app and packed MCP packages on Node 24.21.0	2026-10-04T06:52:20.3736795Z ├ ƒ /v1/chat/conversations/[conversationId]
Production build (windows-latest)	Qualify installed app and packed MCP packages on Node 24.21.0	2026-10-04T06:52:20.3737619Z ├ ƒ /v1/chat/conversations/[conversationId]/breakpoints
Production build (windows-latest)	Qualify installed app and packed MCP packages on Node 24.21.0	2026-10-04T06:52:20.3738442Z ├ ƒ /v1/chat/conversations/[conversationId]/cancel
Production build (windows-latest)	Qualify installed app and packed MCP packages on Node 24.21.0	2026-10-04T06:52:20.3739284Z ├ ƒ /v1/chat/conversations/[conversationId]/debug/attach
Production build (windows-latest)	Qualify installed app and packed MCP packages on Node 24.21.0	2026-10-04T06:52:20.3740458Z ├ ƒ /v1/chat/conversations/[conversationId]/debug/continue
Production build (windows-latest)	Qualify installed app and packed MCP packages on Node 24.21.0	2026-10-04T06:52:20.3741407Z ├ ƒ /v1/chat/conversations/[conversationId]/debug/state
Production build (windows-latest)	Qualify installed app and packed MCP packages on Node 24.21.0	2026-10-04T06:52:20.3742242Z ├ ƒ /v1/chat/conversations/[conversationId]/debug/step
Production build (windows-latest)	Qualify installed app and packed MCP packages on Node 24.21.0	2026-10-04T06:52:20.3743106Z ├ ƒ /v1/chat/conversations/[conversationId]/edit-state
Production build (windows-latest)	Qualify installed app and packed MCP packages on Node 24.21.0	2026-10-04T06:52:20.3747624Z ├ ƒ /v1/chat/conversations/[conversationId]/events
Production build (windows-latest)	Qualify installed app and packed MCP packages on Node 24.21.0	2026-10-04T06:52:20.3748597Z ├ ƒ /v1/chat/conversations/[conversationId]/inject
Production build (windows-latest)	Qualify installed app and packed MCP packages on Node 24.21.0	2026-10-04T06:52:20.3749438Z ├ ƒ /v1/chat/conversations/[conversationId]/model-turns
Production build (windows-latest)	Qualify installed app and packed MCP packages on Node 24.21.0	2026-10-04T06:52:20.3753409Z ├ ƒ /v1/chat/conversations/[conversationId]/model-turns/[dispatchId]
Production build (windows-latest)	Qualify installed app and packed MCP packages on Node 24.21.0	2026-10-04T06:52:20.3754639Z ├ ƒ /v1/chat/conversations/[conversationId]/model-turns/[dispatchId]/media/[mediaId]
Production build (windows-latest)	Qualify installed app and packed MCP packages on Node 24.21.0	2026-10-04T06:52:20.3758919Z ├ ƒ /v1/chat/conversations/[conversationId]/recovery
Production build (windows-latest)	Qualify installed app and packed MCP packages on Node 24.21.0	2026-10-04T06:52:20.3760085Z ├ ƒ /v1/chat/conversations/[conversationId]/resources
Production build (windows-latest)	Qualify installed app and packed MCP packages on Node 24.21.0	2026-10-04T06:52:20.3765047Z ├ ƒ /v1/chat/conversations/[conversationId]/resources/[resourceId]/content
Production build (windows-latest)	Qualify installed app and packed MCP packages on Node 24.21.0	2026-10-04T06:52:20.3766056Z ├ ƒ /v1/chat/conversations/[conversationId]/respond
Production build (windows-latest)	Qualify installed app and packed MCP packages on Node 24.21.0	2026-10-04T06:52:20.3770519Z ├ ƒ /v1/chat/conversations/[conversationId]/revert
Production build (windows-latest)	Qualify installed app and packed MCP packages on Node 24.21.0	2026-10-04T06:52:20.3771643Z ├ ƒ /v1/chat/conversations/[conversationId]/wire-preview
Production build (windows-latest)	Qualify installed app and packed MCP packages on Node 24.21.0	2026-10-04T06:52:20.3775233Z ├ ƒ /v1/chat/events
Production build (windows-latest)	Qualify installed app and packed MCP packages on Node 24.21.0	2026-10-04T06:52:20.3775923Z ├ ƒ /v1/flows/[flowRef]/readiness
Production build (windows-latest)	Qualify installed app and packed MCP packages on Node 24.21.0	2026-10-04T06:52:20.3779762Z ├ ƒ /v1/meetings
Production build (windows-latest)	Qualify installed app and packed MCP packages on Node 24.21.0	2026-10-04T06:52:20.3780398Z ├ ƒ /v1/meetings/[meetingId]
Production build (windows-latest)	Qualify installed app and packed MCP packages on Node 24.21.0	2026-10-04T06:52:20.3784219Z ├ ƒ /v1/meetings/[meetingId]/cancel
Production build (windows-latest)	Qualify installed app and packed MCP packages on Node 24.21.0	2026-10-04T06:52:20.3785021Z ├ ƒ /v1/meetings/[meetingId]/events
Production build (windows-latest)	Qualify installed app and packed MCP packages on Node 24.21.0	2026-10-04T06:52:20.3785710Z ├ ƒ /v1/meetings/[meetingId]/interventions
Production build (windows-latest)	Qualify installed app and packed MCP packages on Node 24.21.0	2026-10-04T06:52:20.3789290Z ├ ƒ /v1/meetings/[meetingId]/private-notes
Production build (windows-latest)	Qualify installed app and packed MCP packages on Node 24.21.0	2026-10-04T06:52:20.3790013Z ├ ƒ /v1/meetings/[meetingId]/resume
Production build (windows-latest)	Qualify installed app and packed MCP packages on Node 24.21.0	2026-10-04T06:52:20.3794127Z ├ ƒ /v1/meetings/[meetingId]/start
Production build (windows-latest)	Qualify installed app and packed MCP packages on Node 24.21.0	2026-10-04T06:52:20.3794690Z ├ ƒ /v1/models
Production build (windows-latest)	Qualify installed app and packed MCP packages on Node 24.21.0	2026-10-04T06:52:20.3798755Z ├ ƒ /v1/persona-drafts
Production build (windows-latest)	Qualify installed app and packed MCP packages on Node 24.21.0	2026-10-04T06:52:20.3799394Z ├ ƒ /v1/persona-drafts/[draftId]
Production build (windows-latest)	Qualify installed app and packed MCP packages on Node 24.21.0	2026-10-04T06:52:20.3803448Z ├ ƒ /v1/personas
Production build (windows-latest)	Qualify installed app and packed MCP packages on Node 24.21.0	2026-10-04T06:52:20.3804023Z ├ ƒ /v1/personas/[personaId]
Production build (windows-latest)	Qualify installed app and packed MCP packages on Node 24.21.0	2026-10-04T06:52:20.3846773Z ├ ƒ /v1/personas/[personaId]/app-grants
Production build (windows-latest)	Qualify installed app and packed MCP packages on Node 24.21.0	2026-10-04T06:52:20.3847754Z ├ ƒ /v1/personas/[personaId]/app-grants/[grantId]
Production build (windows-latest)	Qualify installed app and packed MCP packages on Node 24.21.0	2026-10-04T06:52:20.3848637Z ├ ƒ /v1/personas/[personaId]/app-grants/[grantId]/launch
Production build (windows-latest)	Qualify installed app and packed MCP packages on Node 24.21.0	2026-10-04T06:52:20.3849547Z ├ ƒ /v1/personas/[personaId]/behaviors/[behaviorId]/activate
Production build (windows-latest)	Qualify installed app and packed MCP packages on Node 24.21.0	2026-10-04T06:52:20.4098648Z ├ ƒ /v1/personas/[personaId]/composition
Production build (windows-latest)	Qualify installed app and packed MCP packages on Node 24.21.0	2026-10-04T06:52:20.4099741Z ├ ƒ /v1/personas/[personaId]/composition/behaviors
Production build (windows-latest)	Qualify installed app and packed MCP packages on Node 24.21.0	2026-10-04T06:52:20.4100550Z ├ ƒ /v1/personas/[personaId]/composition/copy
Production build (windows-latest)	Qualify installed app and packed MCP packages on Node 24.21.0	2026-10-04T06:52:20.4101345Z ├ ƒ /v1/personas/[personaId]/deletion-preview
Production build (windows-latest)	Qualify installed app and packed MCP packages on Node 24.21.0	2026-10-04T06:52:20.4102597Z ├ ƒ /v1/personas/[personaId]/execution-preview
Production build (windows-latest)	Qualify installed app and packed MCP packages on Node 24.21.0	2026-10-04T06:52:20.4103313Z ├ ƒ /v1/personas/[personaId]/export
Production build (windows-latest)	Qualify installed app and packed MCP packages on Node 24.21.0	2026-10-04T06:52:20.4104035Z ├ ƒ /v1/personas/[personaId]/export-preview
Production build (windows-latest)	Qualify installed app and packed MCP packages on Node 24.21.0	2026-10-04T06:52:20.4104762Z ├ ƒ /v1/personas/[personaId]/improvements
Production build (windows-latest)	Qualify installed app and packed MCP packages on Node 24.21.0	2026-10-04T06:52:20.4105575Z ├ ƒ /v1/personas/[personaId]/improvements/[proposalId]/apply
Production build (windows-latest)	Qualify installed app and packed MCP packages on Node 24.21.0	2026-10-04T06:52:20.4106538Z ├ ƒ /v1/personas/[personaId]/improvements/[proposalId]/promote
Production build (windows-latest)	Qualify installed app and packed MCP packages on Node 24.21.0	2026-10-04T06:52:20.4107536Z ├ ƒ /v1/personas/[personaId]/improvements/[proposalId]/reject
Production build (windows-latest)	Qualify installed app and packed MCP packages on Node 24.21.0	2026-10-04T06:52:20.4108482Z ├ ƒ /v1/personas/[personaId]/improvements/[proposalId]/undo
Production build (windows-latest)	Qualify installed app and packed MCP packages on Node 24.21.0	2026-10-04T06:52:20.4109308Z ├ ƒ /v1/personas/[personaId]/memories
Production build (windows-latest)	Qualify installed app and packed MCP packages on Node 24.21.0	2026-10-04T06:52:20.4112168Z ├ ƒ /v1/personas/[personaId]/memories/[memoryId]
Production build (windows-latest)	Qualify installed app and packed MCP packages on Node 24.21.0	2026-10-04T06:52:20.4113319Z ├ ƒ /v1/personas/[personaId]/memories/[memoryId]/activate
Production build (windows-latest)	Qualify installed app and packed MCP packages on Node 24.21.0	2026-10-04T06:52:20.4114375Z ├ ƒ /v1/personas/[personaId]/memories/[memoryId]/correct
Production build (windows-latest)	Qualify installed app and packed MCP packages on Node 24.21.0	2026-10-04T06:52:20.4119087Z ├ ƒ /v1/personas/[personaId]/memories/[memoryId]/pin
Production build (windows-latest)	Qualify installed app and packed MCP packages on Node 24.21.0	2026-10-04T06:52:20.4120224Z ├ ƒ /v1/personas/[personaId]/memories/[memoryId]/resolve-conflict
Production build (windows-latest)	Qualify installed app and packed MCP packages on Node 24.21.0	2026-10-04T06:52:20.4121132Z ├ ƒ /v1/personas/[personaId]/runtime-recovery
Production build (windows-latest)	Qualify installed app and packed MCP packages on Node 24.21.0	2026-10-04T06:52:20.4121891Z ├ ƒ /v1/personas/[personaId]/storage-stats
Production build (windows-latest)	Qualify installed app and packed MCP packages on Node 24.21.0	2026-10-04T06:52:20.4122534Z ├ ƒ /v1/personas/[personaId]/work-items
Production build (windows-latest)	Qualify installed app and packed MCP packages on Node 24.21.0	2026-10-04T06:52:20.4123326Z ├ ƒ /v1/personas/[personaId]/work-items/[workItemId]
Production build (windows-latest)	Qualify installed app and packed MCP packages on Node 24.21.0	2026-10-04T06:52:20.4124225Z ├ ƒ /v1/personas/[personaId]/work-items/[workItemId]/assign
Production build (windows-latest)	Qualify installed app and packed MCP packages on Node 24.21.0	2026-10-04T06:52:20.4125145Z ├ ƒ /v1/personas/[personaId]/work-items/[workItemId]/control
Production build (windows-latest)	Qualify installed app and packed MCP packages on Node 24.21.0	2026-10-04T06:52:20.4125981Z ├ ƒ /v1/personas/[personaId]/work-items/promote-todo
Production build (windows-latest)	Qualify installed app and packed MCP packages on Node 24.21.0	2026-10-04T06:52:20.4126674Z ├ ƒ /v1/personas/readiness
Production build (windows-latest)	Qualify installed app and packed MCP packages on Node 24.21.0	2026-10-04T06:52:20.4127300Z ├ ƒ /v1/personas/settings-options
Production build (windows-latest)	Qualify installed app and packed MCP packages on Node 24.21.0	2026-10-04T06:52:20.4127956Z ├ ƒ /v1/personas/summary
Production build (windows-latest)	Qualify installed app and packed MCP packages on Node 24.21.0	2026-10-04T06:52:20.4128452Z ├ ƒ /v1/roles
Production build (windows-latest)	Qualify installed app and packed MCP packages on Node 24.21.0	2026-10-04T06:52:20.4128964Z ├ ƒ /v1/roles/[roleId]
Production build (windows-latest)	Qualify installed app and packed MCP packages on Node 24.21.0	2026-10-04T06:52:20.4129549Z ├ ƒ /v1/roles/[roleId]/duplicate
Production build (windows-latest)	Qualify installed app and packed MCP packages on Node 24.21.0	2026-10-04T06:52:20.4130425Z ├ ƒ /v1/roles/[roleId]/impact
Production build (windows-latest)	Qualify installed app and packed MCP packages on Node 24.21.0	2026-10-04T06:52:20.4131059Z ├ ƒ /v1/roles/[roleId]/restore
Production build (windows-latest)	Qualify installed app and packed MCP packages on Node 24.21.0	2026-10-04T06:52:20.4131698Z ├ ƒ /v1/roles/[roleId]/rollback
Production build (windows-latest)	Qualify installed app and packed MCP packages on Node 24.21.0	2026-10-04T06:52:20.4132276Z ├ ƒ /v1/roles/[roleId]/versions
Production build (windows-latest)	Qualify installed app and packed MCP packages on Node 24.21.0	2026-10-04T06:52:20.4132841Z ├ ƒ /v1/tasks/[taskId]
Production build (windows-latest)	Qualify installed app and packed MCP packages on Node 24.21.0	2026-10-04T06:52:20.4133342Z ├ ○ /waves
Production build (windows-latest)	Qualify installed app and packed MCP packages on Node 24.21.0	2026-10-04T06:52:20.4133725Z └ ○ /world
Production build (windows-latest)	Qualify installed app and packed MCP packages on Node 24.21.0	2026-10-04T06:52:20.4134186Z 
Production build (windows-latest)	Qualify installed app and packed MCP packages on Node 24.21.0	2026-10-04T06:52:20.4134198Z 
Production build (windows-latest)	Qualify installed app and packed MCP packages on Node 24.21.0	2026-10-04T06:52:20.4134474Z ƒ Proxy (Middleware)
Production build (windows-latest)	Qualify installed app and packed MCP packages on Node 24.21.0	2026-10-04T06:52:20.4134759Z 
Production build (windows-latest)	Qualify installed app and packed MCP packages on Node 24.21.0	2026-10-04T06:52:20.4135125Z ○  (Static)   prerendered as static content
Production build (windows-latest)	Qualify installed app and packed MCP packages on Node 24.21.0	2026-10-04T06:52:20.4135825Z ƒ  (Dynamic)  server-rendered on demand
Production build (windows-latest)	Qualify installed app and packed MCP packages on Node 24.21.0	2026-10-04T06:52:20.4136189Z 
Production build (windows-latest)	Qualify installed app and packed MCP packages on Node 24.21.0	2026-10-04T06:52:21.0172305Z 
Production build (windows-latest)	Qualify installed app and packed MCP packages on Node 24.21.0	2026-10-04T06:52:21.0173707Z > flujo-ai@3.46.3 typecheck:mcp
Production build (windows-latest)	Qualify installed app and packed MCP packages on Node 24.21.0	2026-10-04T06:52:21.0174537Z > npm run typecheck --workspaces --if-present
Production build (windows-latest)	Qualify installed app and packed MCP packages on Node 24.21.0	2026-10-04T06:52:21.0175033Z 
Production build (windows-latest)	Qualify installed app and packed MCP packages on Node 24.21.0	2026-10-04T06:52:21.3446787Z 
Production build (windows-latest)	Qualify installed app and packed MCP packages on Node 24.21.0	2026-10-04T06:52:21.3447761Z > @mario.andreschak/mcp-bash@3.46.3 typecheck
Production build (windows-latest)	Qualify installed app and packed MCP packages on Node 24.21.0	2026-10-04T06:52:21.3448646Z > tsc -p tsconfig.json --noEmit
Production build (windows-latest)	Qualify installed app and packed MCP packages on Node 24.21.0	2026-10-04T06:52:21.3449107Z 
Production build (windows-latest)	Qualify installed app and packed MCP packages on Node 24.21.0	2026-10-04T06:52:23.3897047Z 
Production build (windows-latest)	Qualify installed app and packed MCP packages on Node 24.21.0	2026-10-04T06:52:23.3898091Z > @mario.andreschak/mcp-browser@3.46.3 typecheck
Production build (windows-latest)	Qualify installed app and packed MCP packages on Node 24.21.0	2026-10-04T06:52:23.3899051Z > tsc -p tsconfig.json --noEmit
Production build (windows-latest)	Qualify installed app and packed MCP packages on Node 24.21.0	2026-10-04T06:52:23.3899614Z 
Production build (windows-latest)	Qualify installed app and packed MCP packages on Node 24.21.0	2026-10-04T06:52:25.9004544Z 
Production build (windows-latest)	Qualify installed app and packed MCP packages on Node 24.21.0	2026-10-04T06:52:25.9005396Z > @mario.andreschak/mcp-filesystem@3.46.3 typecheck
Production build (windows-latest)	Qualify installed app and packed MCP packages on Node 24.21.0	2026-10-04T06:52:25.9006207Z > tsc -p tsconfig.json --noEmit
Production build (windows-latest)	Qualify installed app and packed MCP packages on Node 24.21.0	2026-10-04T06:52:25.9006570Z 
Production build (windows-latest)	Qualify installed app and packed MCP packages on Node 24.21.0	2026-10-04T06:52:27.9827696Z 
Production build (windows-latest)	Qualify installed app and packed MCP packages on Node 24.21.0	2026-10-04T06:52:27.9828500Z > @mario.andreschak/mcp-flujo@3.46.3 typecheck
Production build (windows-latest)	Qualify installed app and packed MCP packages on Node 24.21.0	2026-10-04T06:52:27.9829267Z > tsc -p tsconfig.json --noEmit
Production build (windows-latest)	Qualify installed app and packed MCP packages on Node 24.21.0	2026-10-04T06:52:27.9829614Z 
Production build (windows-latest)	Qualify installed app and packed MCP packages on Node 24.21.0	2026-10-04T06:52:29.6668674Z 
Production build (windows-latest)	Qualify installed app and packed MCP packages on Node 24.21.0	2026-10-04T06:52:29.6669591Z > @flujo-ai/mcp-shared@0.1.0 typecheck
Production build (windows-latest)	Qualify installed app and packed MCP packages on Node 24.21.0	2026-10-04T06:52:29.6670366Z > tsc -p tsconfig.json --noEmit
Production build (windows-latest)	Qualify installed app and packed MCP packages on Node 24.21.0	2026-10-04T06:52:29.6670741Z 
Production build (windows-latest)	Qualify installed app and packed MCP packages on Node 24.21.0	2026-10-04T06:52:31.1338734Z 
Production build (windows-latest)	Qualify installed app and packed MCP packages on Node 24.21.0	2026-10-04T06:52:31.1339715Z > flujo-ai@3.46.3 validate:mcp-release
Production build (windows-latest)	Qualify installed app and packed MCP packages on Node 24.21.0	2026-10-04T06:52:31.1340504Z > node scripts/validate-mcp-release.mjs
Production build (windows-latest)	Qualify installed app and packed MCP packages on Node 24.21.0	2026-10-04T06:52:31.1341004Z 
Production build (windows-latest)	Qualify installed app and packed MCP packages on Node 24.21.0	2026-10-04T06:52:41.7780292Z Validated flujo-ai and four standalone MCP packages at 3.46.3.
Production build (windows-latest)	Qualify installed app and packed MCP packages on Node 24.21.0	2026-10-04T06:52:41.7784268Z (node:3720) [DEP0190] DeprecationWarning: Passing args to a child process with shell option true can lead to security vulnerabilities, as the arguments are not escaped, only concatenated.
Production build (windows-latest)	Qualify installed app and packed MCP packages on Node 24.21.0	2026-10-04T06:52:41.7787134Z (Use `node --trace-deprecation ...` to show where the warning was created)
Production build (windows-latest)	Qualify installed app and packed MCP packages on Node 24.21.0	2026-10-04T06:52:42.3370844Z 
Production build (windows-latest)	Qualify installed app and packed MCP packages on Node 24.21.0	2026-10-04T06:52:42.3371549Z > flujo-ai@3.46.3 smoke:mcp-artifacts
Production build (windows-latest)	Qualify installed app and packed MCP packages on Node 24.21.0	2026-10-04T06:52:42.3372198Z > node scripts/smoke-mcp-artifacts.mjs
Production build (windows-latest)	Qualify installed app and packed MCP packages on Node 24.21.0	2026-10-04T06:52:42.3372582Z 
Production build (windows-latest)	Qualify installed app and packed MCP packages on Node 24.21.0	2026-10-04T06:52:42.7135883Z (node:8212) [DEP0190] DeprecationWarning: Passing args to a child process with shell option true can lead to security vulnerabilities, as the arguments are not escaped, only concatenated.
Production build (windows-latest)	Qualify installed app and packed MCP packages on Node 24.21.0	2026-10-04T06:52:42.7138102Z (Use `node --trace-deprecation ...` to show where the warning was created)
Production build (windows-latest)	Qualify installed app and packed MCP packages on Node 24.21.0	2026-10-04T07:01:55.7366986Z Validated isolated packed MCP binaries and the installed FLUJO proxy.
Production build (windows-latest)	Retain exact runtime measurements	﻿2026-10-04T07:02:00.3578886Z ##[group]Run actions/upload-artifact@ea165f8d65b6e75b540449e92b4886f43607fa02
Production build (windows-latest)	Retain exact runtime measurements	2026-10-04T07:02:00.3579529Z with:
Production build (windows-latest)	Retain exact runtime measurements	2026-10-04T07:02:00.3580079Z   name: ci-node-runtime-windows-latest-a5d11370e7a52d6ac92c82accb91fbce87784dd6-37181494470-1
Production build (windows-latest)	Retain exact runtime measurements	2026-10-04T07:02:00.3580676Z   path: ci-node-runtime/
Production build (windows-latest)	Retain exact runtime measurements	2026-10-04T07:02:00.3581028Z   if-no-files-found: error
Production build (windows-latest)	Retain exact runtime measurements	2026-10-04T07:02:00.3581372Z   retention-days: 30
Production build (windows-latest)	Retain exact runtime measurements	2026-10-04T07:02:00.3581669Z   compression-level: 6
Production build (windows-latest)	Retain exact runtime measurements	2026-10-04T07:02:00.3581989Z   overwrite: false
Production build (windows-latest)	Retain exact runtime measurements	2026-10-04T07:02:00.3582304Z   include-hidden-files: false
Production build (windows-latest)	Retain exact runtime measurements	2026-10-04T07:02:00.3582615Z ##[endgroup]
Production build (windows-latest)	Retain exact runtime measurements	2026-10-04T07:02:01.3252164Z (node:7440) [DEP0040] DeprecationWarning: The `punycode` module is deprecated. Please use a userland alternative instead.
Production build (windows-latest)	Retain exact runtime measurements	2026-10-04T07:02:01.3253674Z (Use `node --trace-deprecation ...` to show where the warning was created)
Production build (windows-latest)	Retain exact runtime measurements	2026-10-04T07:02:01.3374252Z With the provided path, there will be 5 files uploaded
Production build (windows-latest)	Retain exact runtime measurements	2026-10-04T07:02:01.3380257Z Artifact name is valid!
Production build (windows-latest)	Retain exact runtime measurements	2026-10-04T07:02:01.3382253Z Root directory input is valid!
Production build (windows-latest)	Retain exact runtime measurements	2026-10-04T07:02:01.6346397Z Beginning upload of artifact content to blob storage
Production build (windows-latest)	Retain exact runtime measurements	2026-10-04T07:02:01.6690607Z (node:7440) [DEP0169] DeprecationWarning: `url.parse()` behavior is not standardized and prone to errors that have security implications. Use the WHATWG URL API instead. CVEs are not issued for `url.parse()` vulnerabilities.
Production build (windows-latest)	Retain exact runtime measurements	2026-10-04T07:02:01.7703410Z Uploaded bytes 3527
Production build (windows-latest)	Retain exact runtime measurements	2026-10-04T07:02:01.8038175Z Finished uploading artifact content to blob storage!
Production build (windows-latest)	Retain exact runtime measurements	2026-10-04T07:02:01.8040007Z SHA256 digest of uploaded artifact zip is 8af2b4f2624055325ea919f42398f4f6472486caf5dcfd77523240940302e343
Production build (windows-latest)	Retain exact runtime measurements	2026-10-04T07:02:01.8042280Z Finalizing artifact upload
Production build (windows-latest)	Retain exact runtime measurements	2026-10-04T07:02:02.0172256Z Artifact ci-node-runtime-windows-latest-a5d11370e7a52d6ac92c82accb91fbce87784dd6-37181494470-1.zip successfully finalized. Artifact ID 11295913435
Production build (windows-latest)	Retain exact runtime measurements	2026-10-04T07:02:02.0174319Z Artifact ci-node-runtime-windows-latest-a5d11370e7a52d6ac92c82accb91fbce87784dd6-37181494470-1 has been successfully uploaded! Final size is 3527 bytes. Artifact ID is 11295913435
Production build (windows-latest)	Retain exact runtime measurements	2026-10-04T07:02:02.0187449Z Artifact download URL: https://github.com/mario-andreschak/FLUJO/actions/runs/37181494470/artifacts/11295913435
Production build (windows-latest)	Post Run actions/setup-node@49933ea5288caeca8642d1e84afbd3f7d6820020	﻿2026-10-04T07:02:02.0748221Z Post job cleanup.
Production build (windows-latest)	Post Run actions/setup-node@49933ea5288caeca8642d1e84afbd3f7d6820020	2026-10-04T07:02:02.3373041Z (node:8104) [DEP0040] DeprecationWarning: The `punycode` module is deprecated. Please use a userland alternative instead.
Production build (windows-latest)	Post Run actions/setup-node@49933ea5288caeca8642d1e84afbd3f7d6820020	2026-10-04T07:02:02.3374237Z (Use `node --trace-deprecation ...` to show where the warning was created)
Production build (windows-latest)	Post Run actions/setup-node@49933ea5288caeca8642d1e84afbd3f7d6820020	2026-10-04T07:02:02.3381125Z Cache hit occurred on the primary key node-cache-Windows-x64-npm-9d7b03f918b998623827b00dabde5cdd886120be55b94bedb416cf54e8fb989e, not saving cache.
Production build (windows-latest)	Post Run actions/setup-node@49933ea5288caeca8642d1e84afbd3f7d6820020	﻿2026-10-04T07:02:02.3686263Z Post job cleanup.
Production build (windows-latest)	Post Run actions/setup-node@49933ea5288caeca8642d1e84afbd3f7d6820020	2026-10-04T07:02:02.5358367Z (node:5768) [DEP0040] DeprecationWarning: The `punycode` module is deprecated. Please use a userland alternative instead.
Production build (windows-latest)	Post Run actions/setup-node@49933ea5288caeca8642d1e84afbd3f7d6820020	2026-10-04T07:02:02.5359973Z (Use `node --trace-deprecation ...` to show where the warning was created)
Production build (windows-latest)	Post Run actions/setup-node@49933ea5288caeca8642d1e84afbd3f7d6820020	2026-10-04T07:02:02.5366961Z Cache hit occurred on the primary key node-cache-Windows-x64-npm-9d7b03f918b998623827b00dabde5cdd886120be55b94bedb416cf54e8fb989e, not saving cache.
Production build (windows-latest)	Post Run actions/setup-node@49933ea5288caeca8642d1e84afbd3f7d6820020	﻿2026-10-04T07:02:02.5679445Z Post job cleanup.
Production build (windows-latest)	Post Run actions/setup-node@49933ea5288caeca8642d1e84afbd3f7d6820020	2026-10-04T07:02:02.7181588Z (node:2572) [DEP0040] DeprecationWarning: The `punycode` module is deprecated. Please use a userland alternative instead.
Production build (windows-latest)	Post Run actions/setup-node@49933ea5288caeca8642d1e84afbd3f7d6820020	2026-10-04T07:02:02.7182680Z (Use `node --trace-deprecation ...` to show where the warning was created)
Production build (windows-latest)	Post Run actions/setup-node@49933ea5288caeca8642d1e84afbd3f7d6820020	2026-10-04T07:02:02.7189639Z Cache hit occurred on the primary key node-cache-Windows-x64-npm-9d7b03f918b998623827b00dabde5cdd886120be55b94bedb416cf54e8fb989e, not saving cache.
Production build (windows-latest)	Post Run actions/setup-node@49933ea5288caeca8642d1e84afbd3f7d6820020	﻿2026-10-04T07:02:02.7457368Z Post job cleanup.
Production build (windows-latest)	Post Run actions/setup-node@49933ea5288caeca8642d1e84afbd3f7d6820020	2026-10-04T07:02:02.8921450Z (node:1272) [DEP0040] DeprecationWarning: The `punycode` module is deprecated. Please use a userland alternative instead.
Production build (windows-latest)	Post Run actions/setup-node@49933ea5288caeca8642d1e84afbd3f7d6820020	2026-10-04T07:02:02.8922653Z (Use `node --trace-deprecation ...` to show where the warning was created)
Production build (windows-latest)	Post Run actions/setup-node@49933ea5288caeca8642d1e84afbd3f7d6820020	2026-10-04T07:02:02.8928001Z Cache hit occurred on the primary key node-cache-Windows-x64-npm-9d7b03f918b998623827b00dabde5cdd886120be55b94bedb416cf54e8fb989e, not saving cache.
Production build (windows-latest)	Post Run actions/setup-node@49933ea5288caeca8642d1e84afbd3f7d6820020	﻿2026-10-04T07:02:02.9211327Z Post job cleanup.
Production build (windows-latest)	Post Run actions/setup-node@49933ea5288caeca8642d1e84afbd3f7d6820020	2026-10-04T07:02:03.0744781Z (node:8200) [DEP0040] DeprecationWarning: The `punycode` module is deprecated. Please use a userland alternative instead.
Production build (windows-latest)	Post Run actions/setup-node@49933ea5288caeca8642d1e84afbd3f7d6820020	2026-10-04T07:02:03.0745805Z (Use `node --trace-deprecation ...` to show where the warning was created)
Production build (windows-latest)	Post Run actions/setup-node@49933ea5288caeca8642d1e84afbd3f7d6820020	2026-10-04T07:02:03.2057994Z [command]"C:\Program Files\Git\usr\bin\tar.exe" --posix -cf cache.tzst --exclude cache.tzst -P -C D:/a/FLUJO/FLUJO --files-from manifest.txt --force-local --use-compress-program "zstd -T0"
Production build (windows-latest)	Post Run actions/setup-node@49933ea5288caeca8642d1e84afbd3f7d6820020	2026-10-04T07:02:14.0640576Z Failed to save: Unable to reserve cache with key node-cache-Windows-x64-npm-9d7b03f918b998623827b00dabde5cdd886120be55b94bedb416cf54e8fb989e, another job may be creating this cache.
Production build (windows-latest)	Post Run actions/checkout@11d5960a326750d5838078e36cf38b85af677262	﻿2026-10-04T07:02:14.1611662Z Post job cleanup.
Production build (windows-latest)	Post Run actions/checkout@11d5960a326750d5838078e36cf38b85af677262	2026-10-04T07:02:14.4002894Z [command]"C:\Program Files\Git\bin\git.exe" version
Production build (windows-latest)	Post Run actions/checkout@11d5960a326750d5838078e36cf38b85af677262	2026-10-04T07:02:14.4326811Z git version 2.55.0.windows.5
Production build (windows-latest)	Post Run actions/checkout@11d5960a326750d5838078e36cf38b85af677262	2026-10-04T07:02:14.4395110Z Temporarily overriding HOME='D:\a\_temp\1d87053b-8bf6-4333-85a4-773f6afbccfb' before making global git config changes
Production build (windows-latest)	Post Run actions/checkout@11d5960a326750d5838078e36cf38b85af677262	2026-10-04T07:02:14.4396044Z Adding repository directory to the temporary git global config as a safe directory
Production build (windows-latest)	Post Run actions/checkout@11d5960a326750d5838078e36cf38b85af677262	2026-10-04T07:02:14.4405052Z [command]"C:\Program Files\Git\bin\git.exe" config --global --add safe.directory D:\a\FLUJO\FLUJO
Production build (windows-latest)	Post Run actions/checkout@11d5960a326750d5838078e36cf38b85af677262	2026-10-04T07:02:14.4726803Z [command]"C:\Program Files\Git\bin\git.exe" config --local --name-only --get-regexp core\.sshCommand
Production build (windows-latest)	Post Run actions/checkout@11d5960a326750d5838078e36cf38b85af677262	2026-10-04T07:02:14.5050586Z [command]"C:\Program Files\Git\bin\git.exe" submodule foreach --recursive "sh -c \"git config --local --name-only --get-regexp 'core\.sshCommand' && git config --local --unset-all 'core.sshCommand' || :\""
Production build (windows-latest)	Post Run actions/checkout@11d5960a326750d5838078e36cf38b85af677262	2026-10-04T07:02:15.0889493Z [command]"C:\Program Files\Git\bin\git.exe" config --local --name-only --get-regexp http\.https\:\/\/github\.com\/\.extraheader
Production build (windows-latest)	Post Run actions/checkout@11d5960a326750d5838078e36cf38b85af677262	2026-10-04T07:02:15.1199494Z [command]"C:\Program Files\Git\bin\git.exe" submodule foreach --recursive "sh -c \"git config --local --name-only --get-regexp 'http\.https\:\/\/github\.com\/\.extraheader' && git config --local --unset-all 'http.https://github.com/.extraheader' || :\""
Production build (windows-latest)	Post Run actions/checkout@11d5960a326750d5838078e36cf38b85af677262	2026-10-04T07:02:15.6623609Z [command]"C:\Program Files\Git\bin\git.exe" config --local --name-only --get-regexp ^includeIf\.gitdir:
Production build (windows-latest)	Post Run actions/checkout@11d5960a326750d5838078e36cf38b85af677262	2026-10-04T07:02:15.6910635Z [command]"C:\Program Files\Git\bin\git.exe" submodule foreach --recursive "git config --local --show-origin --name-only --get-regexp remote.origin.url"
Production build (windows-latest)	Complete job	﻿2026-10-04T07:02:16.2582738Z Cleaning up orphan processes
Production build (windows-latest)	Complete job	2026-10-04T07:02:16.3860752Z ##[warning]Node.js 20 is deprecated. The following actions target Node.js 20 but are being forced to run on Node.js 24: actions/checkout@11d5960a326750d5838078e36cf38b85af677262, actions/setup-node@49933ea5288caeca8642d1e84afbd3f7d6820020, actions/upload-artifact@ea165f8d65b6e75b540449e92b4886f43607fa02. For more information see: https://github.blog/changelog/2025-09-19-deprecation-of-node-20-on-github-actions-runners/
